Food_Item,Enhanced_Category,Calories_kcal,Protein_g,Carbohydrates_g,Fat_g,Fiber_g,Sugars_g,Sodium_mg,Weight_Loss_Score,Weight_Gain_Score,Maintenance_Score,Ectomorph_Score,Mesomorph_Score,Endomorph_Score,Meal_Timing,Portion_Recommendation,Overall_Quality,Nutrient_Density_Score,Protein_Efficiency,Original_Category,Somatotype_Category,Protein_Calories_Pct,Carb_Calories_Pct,Fat_Calories_Pct,Saturated_Fat_g,Cholesterol_mg,Total_Score
"Pizza, Cheese, With Fruit, Medium Crust",fruits,239.0,9.96,30.81,8.45,2.1,4.61,469.0,3,7,9,3,2,3,"breakfast, pre_workout, lunch, dinner",1 medium or 100g,11.515,5.05,0.04,Pizza,energy_dense,16.67,51.56,31.82,3.88,15.0,19
"Pizza, Cheese, With Fruit, Thin Crust",fruits,230.0,9.51,30.01,8.06,2.1,4.93,447.0,3,7,9,3,2,3,"breakfast, pre_workout, lunch, dinner",1 medium or 100g,11.515,5.05,0.04,Pizza,energy_dense,16.54,52.19,31.54,3.7,14.0,19
"Pizza, Cheese, With Fruit, Thick Crust",fruits,246.0,9.57,30.89,9.3,2.0,4.31,475.0,3,7,9,3,2,3,"breakfast, pre_workout, lunch, dinner",1 medium or 100g,11.41,4.7,0.04,Pizza,energy_dense,15.56,50.23,34.02,3.72,15.0,19
"Pancakes, Fruit",fruits,232.0,5.86,30.63,9.54,2.4,7.7,395.0,3,6,9,3,2,3,"breakfast, pre_workout",1 medium or 100g,10.668000000000001,3.56,0.03,"Pancakes, waffles, French toast",quick_carbs,10.1,52.81,37.01,2.35,52.0,18
Stuffed Grape Leaves With Beef And Rice,fruits,228.0,8.15,11.3,17.03,3.1,2.48,420.0,4,6,8,1,2,3,"breakfast, pre_workout, lunch, dinner",1 medium or 100g,10.479,4.93,0.04,Meat mixed dishes,other,14.3,19.82,67.22,3.66,22.0,18
"Crisp, Apple",fruits,215.0,2.81,30.18,9.59,2.7,15.82,119.0,4,6,8,3,2,3,"breakfast, pre_workout",1 medium or 100g,10.368,2.56,0.01,Cakes and pies,energy_dense,5.23,56.15,40.14,4.77,23.0,18
"Fruit, Chocolate Covered",fruits,133.0,1.41,20.12,6.69,2.7,15.65,2.0,5,4,8,2,0,6,"breakfast, pre_workout, snack",1 medium or 100g,10.127,3.09,0.01,Other fruits and fruit salads,vegetables,4.24,60.51,45.27,3.86,0.0,17
"Waffle, Fruit, Frozen",fruits,296.0,7.07,46.58,9.05,2.6,4.61,437.0,1,6,9,3,2,3,"breakfast, pre_workout",1 medium or 100g,9.781,3.27,0.02,"Pancakes, waffles, French toast",quick_carbs,9.55,62.95,27.52,2.16,12.0,16
"Fruit Salad, Including Citrus Fruits, With Nondairy Whipped Topping",fruits,148.0,2.03,16.57,8.45,2.1,12.48,3.0,5,4,8,1,0,6,"breakfast, pre_workout, snack",1 medium or 100g,9.737,2.79,0.01,Other fruits and fruit salads,vegetables,5.49,44.78,51.39,2.25,0.0,17
"Yogurt, Greek, Nonfat Milk, Fruit",fruits,83.0,9.21,10.81,0.34,0.1,8.24,36.0,5,3,4,0,0,6,"breakfast, pre_workout, snack",1 medium or 100g,9.600000000000001,10.0,0.11,"Yogurt, Greek",dairy_proteins,44.39,52.1,3.69,0.1,4.0,12
"Yogurt, Greek, Nonfat Milk, Flavors Other Than Fruit",fruits,73.0,9.17,8.22,0.34,0.0,7.9,32.0,5,3,4,0,0,6,"breakfast, pre_workout, snack",1 medium or 100g,9.600000000000001,10.0,0.13,"Yogurt, Greek",dairy_proteins,50.25,45.04,4.19,0.1,4.0,12
"Yogurt, Greek, As To Type Of Milk, Fruit",fruits,91.0,9.11,10.78,1.33,0.1,8.21,35.0,5,3,4,0,0,6,"breakfast, pre_workout, snack",1 medium or 100g,9.600000000000001,10.0,0.1,"Yogurt, Greek",dairy_proteins,40.04,47.38,13.15,0.72,7.0,12
"Yogurt, Greek, As To Type Of Milk, Flavors Other Than Fruit",fruits,81.0,9.07,8.18,1.34,0.0,7.87,32.0,5,3,4,0,0,6,"breakfast, pre_workout, snack",1 medium or 100g,9.600000000000001,10.0,0.11,"Yogurt, Greek",dairy_proteins,44.79,40.4,14.89,0.71,7.0,12
"Yogurt, Greek, Low-Fat Milk, Flavors Other Than Fruit",fruits,81.0,9.07,8.18,1.34,0.0,7.87,32.0,5,3,4,0,0,6,"breakfast, pre_workout, snack",1 medium or 100g,9.600000000000001,10.0,0.11,"Yogurt, Greek",dairy_proteins,44.79,40.4,14.89,0.71,7.0,12
"Cheese, Cottage, With Fruit",fruits,74.0,9.41,4.94,1.96,0.2,4.61,273.0,5,3,4,0,0,6,"breakfast, pre_workout, snack",1 medium or 100g,9.600000000000001,10.0,0.13,Cottage/ricotta cheese,dairy_proteins,50.86,26.7,23.84,1.07,10.0,12
"Yogurt, Greek, Low-Fat Milk, Fruit",fruits,91.0,9.11,10.78,1.33,0.1,8.21,35.0,5,3,4,0,0,6,"breakfast, pre_workout, snack",1 medium or 100g,9.600000000000001,10.0,0.1,"Yogurt, Greek",dairy_proteins,40.04,47.38,13.15,0.72,7.0,12
"Pancakes, Fruit, Fast Food / Restaurant",fruits,253.0,5.71,29.82,12.28,2.3,7.49,426.0,0,6,9,3,2,3,"breakfast, pre_workout",1 medium or 100g,9.350999999999999,3.17,0.02,"Pancakes, waffles, French toast",quick_carbs,9.03,47.15,43.68,2.69,50.0,15
"Bread, Pita With Fruit",fruits,279.0,8.16,59.51,1.05,2.6,11.61,454.0,1,6,8,2,2,3,"breakfast, pre_workout, lunch, dinner",1 medium or 100g,9.258,3.86,0.03,Yeast breads,quick_carbs,11.7,85.32,3.39,0.15,0.0,15
"Yogurt, Greek, Whole Milk, Flavors Other Than Fruit",fruits,104.0,7.81,9.21,3.92,0.0,7.88,31.0,5,1,7,0,0,6,"breakfast, pre_workout, snack",1 medium or 100g,9.253,7.51,0.08,"Yogurt, Greek",dairy_proteins,30.04,35.42,33.92,2.13,15.0,13
"Yogurt, Greek, Whole Milk, Fruit",fruits,114.0,7.85,11.8,3.91,0.1,8.23,34.0,5,1,7,0,0,6,"breakfast, pre_workout, snack",1 medium or 100g,9.091000000000001,6.97,0.07,"Yogurt, Greek",dairy_proteins,27.54,41.4,30.87,2.13,15.0,13
"Muffin, Bran With Fruit, Lowfat",fruits,179.0,5.42,39.99,1.5,2.7,20.26,433.0,3,3,8,2,2,3,"breakfast, pre_workout, snack",1 medium or 100g,9.062000000000001,4.54,0.03,"Biscuits, muffins, quick breads",quick_carbs,12.11,89.36,7.54,0.41,14.0,14
"Coleslaw, With Fruit",fruits,113.0,0.91,13.65,6.34,2.1,10.15,222.0,5,3,8,0,0,6,"breakfast, pre_workout, snack",1 medium or 100g,8.998000000000001,2.66,0.01,"Coleslaw, non-lettuce salads",vegetables,3.22,48.32,50.5,0.98,7.0,16
"Fruit Smoothie, With Whole Fruit And Dairy, Added Protein",fruits,79.0,7.35,10.04,1.24,1.1,7.36,40.0,5,1,4,0,0,6,"breakfast, pre_workout, snack",1 medium or 100g,8.8,10.0,0.09,Smoothies and grain drinks,beverages,37.22,50.84,14.13,0.67,5.0,10
"Fruit Smoothie, With Whole Fruit, No Dairy, Added Protein",fruits,76.0,6.23,12.2,0.44,1.6,8.14,13.0,5,1,4,0,0,6,"breakfast, pre_workout, snack",1 medium or 100g,8.8,10.0,0.08,Smoothies and grain drinks,beverages,32.79,64.21,5.21,0.09,1.0,10
"Fruit And Vegetable Smoothie, Non-Dairy, Added Protein",fruits,83.0,7.09,11.92,0.69,1.2,7.95,38.0,5,1,4,0,0,6,"breakfast, pre_workout, snack",1 medium or 100g,8.797,9.99,0.09,Smoothies and grain drinks,beverages,34.17,57.45,7.48,0.14,1.0,10
"Fruit And Vegetable Smoothie, Added Protein",fruits,86.0,7.49,12.24,0.78,1.1,8.47,36.0,5,1,4,0,0,6,"breakfast, pre_workout, snack",1 medium or 100g,8.797,9.99,0.09,Smoothies and grain drinks,beverages,34.84,56.93,8.16,0.34,3.0,10
"Waffle, Fruit",fruits,307.0,6.94,36.25,14.92,2.8,9.11,467.0,0,6,6,5,2,3,"breakfast, pre_workout",1 medium or 100g,8.751000000000001,3.17,0.02,"Pancakes, waffles, French toast",quick_carbs,9.04,47.23,43.74,3.26,61.0,12
"Apple, Baked",fruits,113.0,0.32,22.7,3.08,2.5,19.01,4.0,5,2,7,2,0,6,"breakfast, pre_workout, snack",1 medium or 100g,8.75,2.5,0.0,Apples,fruits,1.13,80.35,24.53,1.64,8.0,14
Blueberry Pie Filling,fruits,181.0,0.41,44.38,0.2,2.6,37.75,12.0,4,4,7,2,2,3,"breakfast, pre_workout, snack",1 medium or 100g,8.598,1.66,0.0,"Jams, syrups, toppings",other,0.91,98.08,0.99,0.0,0.0,15
"Cheese, Cottage, Lowfat, With Fruit",fruits,85.0,7.3,10.3,1.57,0.3,9.31,209.0,5,1,4,0,0,6,"breakfast, pre_workout, snack",1 medium or 100g,8.482,8.94,0.09,Cottage/ricotta cheese,dairy_proteins,34.35,48.47,16.62,0.82,8.0,10
"Cereal, Fruit Rings",fruits,383.0,5.14,82.24,3.23,5.4,31.64,504.0,3,4,5,4,0,5,"breakfast, pre_workout",1 medium or 100g,8.325000000000001,2.75,0.01,"Ready-to-eat cereal, higher sugar (>21.2g/100g)",quick_carbs,5.37,85.89,7.59,0.79,0.0,12
"Cheese, Cottage Cheese, With Gelatin Dessert And Fruit",fruits,75.0,5.32,9.91,1.74,0.4,8.52,170.0,5,1,4,0,0,6,"breakfast, pre_workout, snack",1 medium or 100g,8.088999999999999,7.63,0.07,Cottage/ricotta cheese,dairy_proteins,28.37,52.85,20.88,1.06,7.0,10
"Breakfast Bar, Cereal Crust With Fruit Filling, Lowfat",fruits,376.0,4.4,72.8,7.5,2.1,35.1,337.0,1,7,5,4,0,3,"breakfast, pre_workout",1 medium or 100g,7.819000000000001,1.73,0.01,Cereal bars,quick_carbs,4.68,77.45,17.95,1.5,0.0,13
"Waffle, Fruit, Fast Food / Restaurant",fruits,354.0,6.6,34.47,21.09,2.7,8.66,492.0,0,6,5,5,0,3,"breakfast, pre_workout",1 medium or 100g,7.589,2.63,0.02,"Pancakes, waffles, French toast",quick_carbs,7.46,38.95,53.62,4.03,58.0,11
Biscuit With Fruit,fruits,363.0,6.7,46.47,17.05,2.7,10.01,884.0,0,6,5,5,0,3,"breakfast, pre_workout",1 medium or 100g,7.577,2.59,0.02,"Biscuits, muffins, quick breads",quick_carbs,7.38,51.21,42.27,10.63,2.0,11
"Cookie, Applesauce",fruits,450.0,6.2,68.7,18.1,2.8,24.66,520.0,0,6,5,5,0,3,"breakfast, pre_workout",1 medium or 100g,7.4,2.0,0.01,Cookies and brownies,energy_dense,5.51,61.07,36.2,4.52,0.0,11
"Yogurt, Nonfat Milk, Fruit",fruits,46.0,3.64,7.64,0.08,0.0,7.09,45.0,5,1,2,0,0,6,"breakfast, pre_workout, snack",1 medium or 100g,7.373,7.91,0.08,"Yogurt, regular",dairy_proteins,31.65,66.43,1.57,0.1,3.0,8
Pineapple Salad With Dressing,fruits,105.0,0.5,12.79,5.79,0.8,10.35,48.0,5,3,5,0,0,6,"breakfast, pre_workout, snack",1 medium or 100g,7.372,1.24,0.0,Other fruits and fruit salads,vegetables,1.9,48.72,49.63,0.88,3.0,13
"Yogurt, Nonfat Milk, Flavors Other Than Fruit",fruits,47.0,3.64,7.94,0.08,0.0,7.6,44.0,5,1,2,0,0,6,"breakfast, pre_workout, snack",1 medium or 100g,7.322,7.74,0.08,"Yogurt, regular",dairy_proteins,30.98,67.57,1.53,0.1,3.0,8
"Yogurt, Whole Milk, Fruit",fruits,106.0,3.34,14.43,3.86,0.2,10.31,41.0,5,1,5,0,0,6,"breakfast, pre_workout, snack",1 medium or 100g,7.202,3.34,0.03,"Yogurt, regular",dairy_proteins,12.6,54.45,32.77,2.0,12.0,11
"Strawberry Juice, 100%",fruits,23.0,0.42,5.17,0.14,1.2,3.16,1.0,5,1,2,0,0,6,"breakfast, pre_workout, snack",1 medium or 100g,7.112,7.04,0.02,Other fruit juice,fruits,7.3,89.91,5.48,0.0,0.0,8
"Fruit Smoothie, Light",fruits,53.0,2.61,9.71,0.61,1.0,7.47,31.0,5,1,2,0,0,6,"breakfast, pre_workout, snack",1 medium or 100g,7.043,6.81,0.05,Smoothies and grain drinks,beverages,19.7,73.28,10.36,0.32,2.0,8
"Pineapple, Dried",fruits,347.0,1.22,84.11,0.71,2.4,77.12,0.0,2,5,3,4,2,3,"breakfast, pre_workout",1 medium or 100g,7.0120000000000005,1.04,0.0,Dried fruits,fruits,1.41,96.96,1.84,0.02,0.0,10
"Grapefruit, Raw",fruits,42.0,0.77,10.66,0.14,1.6,6.89,0.0,5,1,2,0,0,6,"breakfast, pre_workout, snack",1 medium or 100g,6.692,5.64,0.02,Citrus fruits,fruits,7.33,100.0,3.0,0.02,0.0,8
"Strawberry Milk, Reduced Sugar",fruits,59.0,3.27,6.72,2.1,0.0,6.69,39.0,5,1,2,0,0,6,"breakfast, pre_workout, snack",1 medium or 100g,6.662,5.54,0.06,"Flavored milk, lowfat",dairy_proteins,22.17,45.56,32.03,1.22,9.0,8
"Yogurt, As To Type Of Milk, Flavors Other Than Fruit",fruits,82.0,4.51,13.02,1.36,0.0,13.04,61.0,5,1,2,0,0,6,"breakfast, pre_workout, snack",1 medium or 100g,6.6499999999999995,5.5,0.06,"Yogurt, regular",dairy_proteins,22.0,63.51,14.93,0.86,5.0,8
"Yogurt, Low-Fat Milk, Flavors Other Than Fruit",fruits,82.0,4.51,13.02,1.36,0.0,13.04,61.0,5,1,2,0,0,6,"breakfast, pre_workout, snack",1 medium or 100g,6.6499999999999995,5.5,0.06,"Yogurt, regular",dairy_proteins,22.0,63.51,14.93,0.86,5.0,8
"Strawberry Milk, Fat-Free (Skim)",fruits,61.0,3.18,12.06,0.09,0.0,11.9,41.0,5,1,2,0,0,6,"breakfast, pre_workout, snack",1 medium or 100g,6.563,5.21,0.05,"Flavored milk, nonfat",dairy_proteins,20.85,79.08,1.33,0.04,3.0,8
"Fruit Smoothie, With Whole Fruit And Dairy",fruits,66.0,2.32,11.98,1.1,1.1,8.91,28.0,5,1,2,0,0,6,"breakfast, pre_workout, snack",1 medium or 100g,6.553999999999999,5.18,0.04,Smoothies and grain drinks,beverages,14.06,72.61,15.0,0.59,4.0,8
"Fruit Smoothie,",fruits,66.0,2.32,11.98,1.1,1.1,8.91,28.0,5,1,2,0,0,6,"breakfast, pre_workout, snack",1 medium or 100g,6.553999999999999,5.18,0.04,Smoothies and grain drinks,beverages,14.06,72.61,15.0,0.59,4.0,8
"Strawberry Milk,",fruits,65.0,3.2,8.54,2.06,0.0,8.45,39.0,5,1,2,0,0,6,"breakfast, pre_workout, snack",1 medium or 100g,6.476,4.92,0.05,"Flavored milk, reduced fat",dairy_proteins,19.69,52.55,28.52,1.2,8.0,8
Blueberry Juice,fruits,42.0,0.46,9.47,0.2,1.6,6.08,1.0,5,1,2,0,0,6,"breakfast, pre_workout, snack",1 medium or 100g,6.47,4.9,0.01,Other fruit juice,fruits,4.38,90.19,4.29,0.02,0.0,8
"Strawberry Milk, Low-Fat (1%)",fruits,69.0,3.13,12.3,0.89,0.0,11.82,39.0,5,1,2,0,0,6,"breakfast, pre_workout, snack",1 medium or 100g,6.362,4.54,0.05,"Flavored milk, lowfat",dairy_proteins,18.14,71.3,11.61,0.52,5.0,8
"Soup, Fruit",fruits,30.0,0.54,7.04,0.12,0.8,5.83,8.0,5,1,2,0,0,6,"breakfast, pre_workout, snack",1 medium or 100g,6.341,4.47,0.02,"Soups, broth-based",other,7.2,93.87,3.6,0.02,0.0,8
"Strawberry Milk, Reduced-Fat (2%)",fruits,71.0,3.16,10.7,1.8,0.0,10.46,39.0,5,1,2,0,0,6,"breakfast, pre_workout, snack",1 medium or 100g,6.335,4.45,0.04,"Flavored milk, reduced fat",dairy_proteins,17.8,60.28,22.82,1.04,8.0,8
"Gelatin Dessert, Sugar Free, With Fruit",fruits,22.0,0.77,4.86,0.01,0.2,1.13,41.0,5,1,2,0,0,6,"breakfast, pre_workout, snack",1 medium or 100g,6.3229999999999995,4.41,0.04,"Gelatins, ices, sorbets",other,14.0,88.36,0.41,0.0,0.0,8
"Fruit Mixture, Frozen",fruits,48.0,0.69,11.29,0.23,1.4,9.18,9.0,5,1,2,0,0,6,"breakfast, pre_workout, snack",1 medium or 100g,6.305,4.35,0.01,Other fruits and fruit salads,vegetables,5.75,94.08,4.31,0.04,0.0,8
"Fruit Salad, Fresh Or Raw, Including Citrus Fruits, No Dressing",fruits,56.0,0.71,13.48,0.19,1.7,10.22,4.0,5,1,2,0,0,6,"breakfast, pre_workout, snack",1 medium or 100g,6.29,4.3,0.01,Other fruits and fruit salads,vegetables,5.07,96.29,3.05,0.04,0.0,8
"Fruit Smoothie, With Whole Fruit, Non-Dairy",fruits,60.0,1.45,11.56,1.06,1.1,5.17,23.0,5,1,2,0,0,6,"breakfast, pre_workout, snack",1 medium or 100g,6.2749999999999995,4.25,0.02,Smoothies and grain drinks,beverages,9.67,77.07,15.9,0.14,0.0,8
"Fruit And Vegetable Smoothie, With Dairy",fruits,64.0,1.59,12.74,0.72,1.0,9.17,26.0,5,1,2,0,0,6,"breakfast, pre_workout, snack",1 medium or 100g,6.215,4.05,0.02,Smoothies and grain drinks,beverages,9.94,79.62,10.12,0.3,2.0,8
"Fruit Smoothie, With Whole Fruit, No Dairy",fruits,54.0,0.61,12.67,0.35,1.5,8.78,2.0,5,1,2,0,0,6,"breakfast, pre_workout, snack",1 medium or 100g,6.173,3.91,0.01,Smoothies and grain drinks,beverages,4.52,93.85,5.83,0.04,0.0,8
"Fruit Salad, Fresh Or Raw, Excluding Citrus Fruits, No Dressing",fruits,59.0,0.64,13.94,0.21,1.5,10.45,4.0,5,1,2,0,0,6,"breakfast, pre_workout, snack",1 medium or 100g,6.0889999999999995,3.63,0.01,Other fruits and fruit salads,vegetables,4.34,94.51,3.2,0.04,0.0,8
"Fruit And Vegetable Smoothie, Non-Dairy",fruits,60.0,1.16,12.39,0.61,1.0,8.62,28.0,5,1,2,0,0,6,"breakfast, pre_workout, snack",1 medium or 100g,6.08,3.6,0.02,Smoothies and grain drinks,beverages,7.73,82.6,9.15,0.09,0.0,8
"Orange, Canned, Juice Pack",fruits,37.0,0.62,9.57,0.03,0.7,8.87,5.0,5,1,2,0,0,6,"breakfast, pre_workout, snack",1 medium or 100g,6.071,3.57,0.02,Citrus fruits,fruits,6.7,100.0,0.73,0.0,0.0,8
"Strawberry Milk, Whole",fruits,86.0,3.03,11.79,2.97,0.0,11.68,38.0,5,1,2,0,0,6,"breakfast, pre_workout, snack",1 medium or 100g,6.056,3.52,0.04,"Flavored milk, whole",dairy_proteins,14.09,54.84,31.08,1.72,11.0,8
"Yogurt, Whole Milk, Flavors Other Than Fruit",fruits,95.0,3.28,11.76,3.88,0.0,10.5,36.0,5,1,2,0,0,6,"breakfast, pre_workout, snack",1 medium or 100g,6.035,3.45,0.03,"Yogurt, regular",dairy_proteins,13.81,49.52,36.76,2.0,12.0,8
"Fruit And Vegetable Smoothie, No Dairy",fruits,63.0,1.09,13.78,0.37,1.0,9.82,19.0,5,1,2,0,0,6,"breakfast, pre_workout, snack",1 medium or 100g,5.9959999999999996,3.32,0.02,Smoothies and grain drinks,beverages,6.92,87.49,5.29,0.06,0.0,8
"Fruit Juice, Acai Blend",fruits,62.0,0.83,12.83,0.83,1.2,11.1,13.0,5,1,2,0,0,6,"breakfast, pre_workout, snack",1 medium or 100g,5.981,3.27,0.01,Fruit drinks,fruits,5.35,82.77,12.05,0.0,0.0,8
"Fruit Smoothie Juice Drink, No Dairy",fruits,51.0,0.6,11.88,0.24,1.0,8.35,2.0,5,1,2,0,0,6,"breakfast, pre_workout, snack",1 medium or 100g,5.942,3.14,0.01,Smoothies and grain drinks,beverages,4.71,93.18,4.24,0.03,0.0,8
"Cereal, Other, Fruit Flavored",fruits,383.0,4.71,82.57,3.56,2.9,32.73,523.0,1,4,3,4,0,3,"breakfast, pre_workout",1 medium or 100g,5.897,1.99,0.01,"Ready-to-eat cereal, higher sugar (>21.2g/100g)",quick_carbs,4.92,86.23,8.37,0.61,0.0,8
"Orange, Canned,",fruits,46.0,0.6,11.82,0.04,0.7,11.14,5.0,5,1,2,0,0,6,"breakfast, pre_workout, snack",1 medium or 100g,5.849,2.83,0.01,Citrus fruits,fruits,5.22,100.0,0.78,0.0,0.0,8
"Fruit Cocktail, Canned, Juice Pack",fruits,48.0,0.43,12.41,0.09,0.9,11.27,7.0,5,1,2,0,0,6,"breakfast, pre_workout, snack",1 medium or 100g,5.831,2.77,0.01,Other fruits and fruit salads,vegetables,3.58,100.0,1.69,0.01,0.0,8
"Grapefruit, Canned",fruits,36.0,0.58,9.15,0.1,0.4,8.75,2.0,5,1,2,0,0,6,"breakfast, pre_workout, snack",1 medium or 100g,5.816,2.72,0.02,Citrus fruits,fruits,6.44,100.0,2.5,0.01,0.0,8
"Applesauce, Unsweetened",fruits,52.0,0.27,12.26,0.16,1.1,9.66,1.0,5,1,2,0,0,6,"breakfast, pre_workout, snack",1 medium or 100g,5.789,2.63,0.01,Apples,fruits,2.08,94.31,2.77,0.01,0.0,8
"Pineapple, Canned, Juice Pack",fruits,48.0,0.44,12.22,0.12,0.8,11.26,4.0,5,1,2,0,0,6,"breakfast, pre_workout, snack",1 medium or 100g,5.774,2.58,0.01,Pineapple,fruits,3.67,100.0,2.25,0.01,0.0,8
"Fruit And Vegetable Smoothie, Bottled",fruits,53.0,0.6,12.53,0.26,0.7,11.15,6.0,5,1,2,0,0,6,"breakfast, pre_workout, snack",1 medium or 100g,5.734999999999999,2.45,0.01,Smoothies and grain drinks,beverages,4.53,94.57,4.42,0.05,0.0,8
"Fruit Cocktail, Canned,",fruits,55.0,0.41,14.1,0.08,0.9,13.08,5.0,5,1,2,0,0,6,"breakfast, pre_workout, snack",1 medium or 100g,5.714,2.38,0.01,Other fruits and fruit salads,vegetables,2.98,100.0,1.31,0.01,0.0,8
"Orange Juice, 100%, Freshly Squeezed",fruits,47.0,0.81,10.01,0.36,0.3,8.08,0.0,5,1,2,0,0,6,"breakfast, pre_workout, snack",1 medium or 100g,5.708,2.36,0.02,Citrus juice,fruits,6.89,85.19,6.89,0.01,0.0,8
"Orange, Canned, In Syrup",fruits,55.0,0.59,14.07,0.04,0.7,13.42,5.0,5,1,2,0,0,6,"breakfast, pre_workout, snack",1 medium or 100g,5.705,2.35,0.01,Citrus fruits,fruits,4.29,100.0,0.65,0.0,0.0,8
"Orange Juice, 100%, With Calcium Added, Frozen, Reconstituted",fruits,42.0,0.68,9.67,0.07,0.3,8.48,5.0,5,1,2,0,0,6,"breakfast, pre_workout, snack",1 medium or 100g,5.699,2.33,0.02,Citrus juice,fruits,6.48,92.1,1.5,0.02,0.0,8
"Orange Juice, 100%, Frozen, Reconstituted",fruits,42.0,0.68,10.04,0.07,0.3,8.47,5.0,5,1,2,0,0,6,"breakfast, pre_workout, snack",1 medium or 100g,5.699,2.33,0.02,Citrus juice,fruits,6.48,95.62,1.5,0.02,0.0,8
Gelatin Dessert With Fruit,fruits,56.0,1.1,13.34,0.01,0.2,12.59,64.0,5,1,2,0,0,6,"breakfast, pre_workout, snack",1 medium or 100g,5.696,2.32,0.02,"Gelatins, ices, sorbets",other,7.86,95.29,0.16,0.0,0.0,8
"Orange Juice, 100%,",fruits,47.0,0.77,10.17,0.34,0.3,8.18,2.0,5,1,2,0,0,6,"breakfast, pre_workout, snack",1 medium or 100g,5.684,2.28,0.02,Citrus juice,fruits,6.55,86.55,6.51,0.01,0.0,8
"Orange Juice, 100%, Canned, Bottled Or In A Carton",fruits,47.0,0.77,10.18,0.34,0.3,8.18,2.0,5,1,2,0,0,6,"breakfast, pre_workout, snack",1 medium or 100g,5.684,2.28,0.02,Citrus juice,fruits,6.55,86.64,6.51,0.01,0.0,8
"Orange Juice, 100%, With Calcium Added, Canned, Bottled Or In A Carton",fruits,47.0,0.77,10.17,0.34,0.3,8.18,2.0,5,1,2,0,0,6,"breakfast, pre_workout, snack",1 medium or 100g,5.684,2.28,0.02,Citrus juice,fruits,6.55,86.55,6.51,0.01,0.0,8
"Fruit Juice Blend, Citrus, 100% Juice",fruits,47.0,0.77,10.18,0.34,0.3,8.18,2.0,5,1,2,0,0,6,"breakfast, pre_workout, snack",1 medium or 100g,5.684,2.28,0.02,Other fruit juice,fruits,6.55,86.64,6.51,0.01,0.0,8
"Pineapple, Frozen",fruits,60.0,0.46,14.09,0.21,0.9,11.42,0.0,5,1,2,0,0,6,"breakfast, pre_workout, snack",1 medium or 100g,5.681,2.27,0.01,Pineapple,fruits,3.07,93.93,3.15,0.01,0.0,8
"Pineapple, Raw",fruits,60.0,0.46,14.09,0.21,0.9,11.42,0.0,5,1,2,0,0,6,"breakfast, pre_workout, snack",1 medium or 100g,5.681,2.27,0.01,Pineapple,fruits,3.07,93.93,3.15,0.01,0.0,8
"Fruit Smoothie, Bottled",fruits,50.0,0.48,11.66,0.27,0.6,10.05,2.0,5,1,2,0,0,6,"breakfast, pre_workout, snack",1 medium or 100g,5.648,2.16,0.01,Smoothies and grain drinks,beverages,3.84,93.28,4.86,0.06,0.0,8
"Grapefruit Juice, 100%, With Calcium Added",fruits,39.0,0.51,7.74,0.68,0.3,7.96,2.0,5,1,2,0,0,6,"breakfast, pre_workout, snack",1 medium or 100g,5.6240000000000006,2.08,0.01,Citrus juice,fruits,5.23,79.38,15.69,0.17,0.0,8
"Fruit Juice Drink, Citrus, Carbonated",fruits,32.0,0.46,7.16,0.24,0.2,5.99,7.0,5,1,2,0,0,6,"breakfast, pre_workout, snack",1 medium or 100g,5.618,2.06,0.01,Fruit drinks,fruits,5.75,89.5,6.75,0.04,0.0,8
"Pineapple, Canned,",fruits,55.0,0.42,13.91,0.12,0.7,13.07,2.0,5,1,2,0,0,6,"breakfast, pre_workout, snack",1 medium or 100g,5.612,2.04,0.01,Pineapple,fruits,3.05,100.0,1.96,0.01,0.0,8
"Grapefruit Juice, 100%, As To Form",fruits,40.0,0.56,8.35,0.48,0.2,7.42,1.0,5,1,2,0,0,6,"breakfast, pre_workout, snack",1 medium or 100g,5.57,1.9,0.01,Citrus juice,fruits,5.6,83.5,10.8,0.08,1.0,8
"Grapefruit Juice, 100%, Canned, Bottled Or In A Carton",fruits,40.0,0.56,8.35,0.48,0.2,7.42,1.0,5,1,2,0,0,6,"breakfast, pre_workout, snack",1 medium or 100g,5.57,1.9,0.01,Citrus juice,fruits,5.6,83.5,10.8,0.08,1.0,8
"Grapefruit Juice, 100%, Freshly Squeezed",fruits,39.0,0.5,9.2,0.1,0.1,9.1,1.0,5,1,2,0,0,6,"breakfast, pre_workout, snack",1 medium or 100g,5.462,1.54,0.01,Citrus juice,fruits,5.13,94.36,2.31,0.01,0.0,8
"Passion Fruit Juice, 100%",fruits,51.0,0.39,13.6,0.05,0.2,13.4,6.0,5,1,1,0,0,6,"breakfast, pre_workout, snack",1 medium or 100g,4.948,1.16,0.01,Other fruit juice,fruits,3.06,100.0,0.88,0.0,0.0,7
"Pineapple Juice, 100%",fruits,53.0,0.36,12.87,0.12,0.2,9.98,2.0,5,1,1,0,0,6,"breakfast, pre_workout, snack",1 medium or 100g,4.918,1.06,0.01,Other fruit juice,fruits,2.72,97.13,2.04,0.01,0.0,7
"Blackberry Juice, 100%",fruits,38.0,0.3,7.8,0.6,0.1,7.7,1.0,5,1,1,0,0,6,"breakfast, pre_workout, snack",1 medium or 100g,4.915,1.05,0.01,Other fruit juice,fruits,3.16,82.11,14.21,0.02,0.0,7
"Orange Juice Beverage, 40-50% Juice, Light",fruits,21.0,0.21,5.42,0.0,0.0,4.17,4.0,5,1,1,0,0,6,"breakfast, pre_workout, snack",1 medium or 100g,4.9,1.0,0.01,Fruit drinks,fruits,4.0,100.0,0.0,0.0,0.0,7
"Fruit Juice,",fruits,51.0,0.29,12.1,0.26,0.2,10.4,5.0,5,1,1,0,0,6,"breakfast, pre_workout, snack",1 medium or 100g,4.888,0.96,0.01,Other fruit juice,fruits,2.27,94.9,4.59,0.02,0.0,7
"Grape Juice, 100%, With Calcium Added",fruits,62.0,0.37,14.77,0.13,0.2,14.2,5.0,5,1,1,0,0,6,"breakfast, pre_workout, snack",1 medium or 100g,4.876,0.92,0.01,Other fruit juice,fruits,2.39,95.29,1.89,0.02,0.0,7
"Apple Juice, 100%, With Calcium Added",fruits,48.0,0.12,11.49,0.17,0.3,9.47,5.0,5,1,1,0,0,6,"breakfast, pre_workout, snack",1 medium or 100g,4.864,0.88,0.0,Apple juice,fruits,1.0,95.75,3.19,0.03,0.0,7
"Cranberry Juice Blend, 100% Juice, With Calcium Added",fruits,45.0,0.27,10.91,0.12,0.1,9.8,6.0,5,1,1,0,0,6,"breakfast, pre_workout, snack",1 medium or 100g,4.846,0.82,0.01,Other fruit juice,fruits,2.4,96.98,2.4,0.0,0.0,7
"Fruit Nectar,",fruits,51.0,0.11,13.12,0.06,0.3,12.45,5.0,5,1,1,0,0,6,"breakfast, pre_workout, snack",1 medium or 100g,4.84,0.8,0.0,Fruit drinks,fruits,0.86,100.0,1.06,0.01,0.0,7
Orange Blossom,fruits,98.0,0.57,9.32,0.26,0.2,7.85,2.0,5,1,1,0,0,6,"breakfast, pre_workout, snack",1 medium or 100g,4.837,0.79,0.01,Liquor and cocktails,other,2.33,38.04,2.39,0.01,0.0,7
"Frozen Fruit Juice Bar, No Sugar Added",fruits,30.0,0.12,7.35,0.01,0.1,3.12,9.0,5,1,1,0,0,6,"breakfast, pre_workout, snack",1 medium or 100g,4.819,0.73,0.0,"Gelatins, ices, sorbets",other,1.6,98.0,0.3,0.0,0.0,7
"Fruit Juice Blend, 100% Juice",fruits,50.0,0.16,12.46,0.12,0.2,10.92,7.0,5,1,1,0,0,6,"breakfast, pre_workout, snack",1 medium or 100g,4.816000000000001,0.72,0.0,Other fruit juice,fruits,1.28,99.68,2.16,0.02,0.0,7
"Cranberry Juice Blend, 100% Juice",fruits,46.0,0.12,11.16,0.18,0.2,9.04,7.0,5,1,1,0,0,6,"breakfast, pre_workout, snack",1 medium or 100g,4.8100000000000005,0.7,0.0,Other fruit juice,fruits,1.04,97.04,3.52,0.02,0.0,7
"Grape Juice Drink, Light",fruits,23.0,0.06,5.51,0.1,0.1,4.99,5.0,5,1,1,0,0,6,"breakfast, pre_workout, snack",1 medium or 100g,4.8100000000000005,0.7,0.0,Fruit drinks,fruits,1.04,95.83,3.91,0.01,0.0,7
Apple Cider,fruits,46.0,0.1,11.3,0.13,0.2,9.62,4.0,5,1,1,0,0,6,"breakfast, pre_workout, snack",1 medium or 100g,4.795,0.65,0.0,Apple juice,fruits,0.87,98.26,2.54,0.02,0.0,7
"Vegetable And Fruit Juice, 100% Juice, With High Vitamin C",fruits,46.0,0.3,11.15,0.01,0.0,10.37,29.0,5,1,1,0,0,6,"breakfast, pre_workout, snack",1 medium or 100g,4.795,0.65,0.01,Other fruit juice,fruits,2.61,96.96,0.2,0.0,0.0,7
"Fruit Punch, Made With Fruit Juice And Soda",fruits,44.0,0.18,10.82,0.06,0.1,9.44,4.0,5,1,1,0,0,6,"breakfast, pre_workout, snack",1 medium or 100g,4.792,0.64,0.0,Fruit drinks,fruits,1.64,98.36,1.23,0.0,0.0,7
"Apple Juice, 100%",fruits,48.0,0.09,11.34,0.25,0.2,10.13,5.0,5,1,1,0,0,6,"breakfast, pre_workout, snack",1 medium or 100g,4.78,0.6,0.0,Apple juice,fruits,0.75,94.5,4.69,0.02,0.0,7
"Fruit Juice Drink, Noncitrus, Carbonated",fruits,33.0,0.07,7.74,0.18,0.1,6.38,12.0,5,1,1,0,0,6,"breakfast, pre_workout, snack",1 medium or 100g,4.756,0.52,0.0,Fruit drinks,fruits,0.85,93.82,4.91,0.01,0.0,7
"Fruit Juice Drink, With High Vitamin C",fruits,46.0,0.13,11.35,0.11,0.1,10.69,8.0,5,1,1,0,0,6,"breakfast, pre_workout, snack",1 medium or 100g,4.75,0.5,0.0,Fruit drinks,fruits,1.13,98.7,2.15,0.02,0.0,7
Fruit Juice Drink (Sunny D),fruits,54.0,0.13,13.16,0.0,0.1,12.11,61.0,5,1,1,0,0,6,"breakfast, pre_workout, snack",1 medium or 100g,4.729,0.43,0.0,Fruit drinks,fruits,0.96,97.48,0.0,0.0,0.0,7
"Cranberry Juice, 100%, Not A Blend",fruits,32.0,0.0,7.26,0.34,0.1,3.41,6.0,5,1,1,0,0,6,"breakfast, pre_workout, snack",1 medium or 100g,4.693,0.31,0.0,Other fruit juice,fruits,0.0,90.75,9.56,0.01,0.0,7
"Fruit Juice Drink, Added Calcium (Sunny D)",fruits,53.0,0.0,13.2,0.0,0.1,8.02,54.0,5,1,1,0,0,6,"breakfast, pre_workout, snack",1 medium or 100g,4.657,0.19,0.0,Fruit drinks,fruits,0.0,99.62,0.0,0.0,0.0,7
"Vegetable And Fruit Juice Drink, With High Vitamin C",fruits,29.0,0.04,7.47,0.01,0.0,2.1,21.0,5,1,1,0,0,6,"breakfast, pre_workout, snack",1 medium or 100g,4.6419999999999995,0.14,0.0,Fruit drinks,fruits,0.55,100.0,0.31,0.0,0.0,7
"Soft Drink, Fruit Flavored, Caffeine Free",fruits,40.0,0.05,10.14,0.02,0.0,8.98,9.0,5,1,1,0,0,6,"breakfast, pre_workout, snack",1 medium or 100g,4.636,0.12,0.0,Soft drinks,beverages,0.5,100.0,0.45,0.0,0.0,7
"Lemonade, Fruit Flavored Drink",fruits,25.0,0.0,6.55,0.07,0.0,6.5,12.0,5,1,1,0,0,6,"breakfast, pre_workout, snack",1 medium or 100g,4.6,0.0,0.0,Fruit drinks,fruits,0.0,100.0,2.52,0.01,0.0,7
"Lemonade, Fruit Juice Drink",fruits,46.0,0.0,12.08,0.0,0.0,11.67,6.0,5,1,1,0,0,6,"breakfast, pre_workout, snack",1 medium or 100g,4.6,0.0,0.0,Fruit drinks,fruits,0.0,100.0,0.0,0.0,0.0,7
"Lemonade, Fruit Juice Drink, Light",fruits,21.0,0.0,5.0,0.0,0.0,5.0,5.0,5,1,1,0,0,6,"breakfast, pre_workout, snack",1 medium or 100g,4.6,0.0,0.0,Fruit drinks,fruits,0.0,95.24,0.0,0.0,0.0,7
"Soft Drink, Fruit Flavored, Caffeine Containing",fruits,49.0,0.0,12.83,0.0,0.0,12.9,18.0,5,1,1,0,0,6,"breakfast, pre_workout, snack",1 medium or 100g,4.6,0.0,0.0,Soft drinks,beverages,0.0,100.0,0.0,0.0,0.0,7
Fruit Juice Drink (Capri Sun),fruits,39.0,0.0,10.0,0.07,0.0,9.0,2.0,5,1,1,0,0,6,"breakfast, pre_workout, snack",1 medium or 100g,4.6,0.0,0.0,Fruit drinks,fruits,0.0,100.0,1.62,0.01,0.0,7
"Apple Juice Beverage, 40-50% Juice, Light",fruits,22.0,0.0,5.1,0.1,0.0,4.8,13.0,5,1,1,0,0,6,"breakfast, pre_workout, snack",1 medium or 100g,4.6,0.0,0.0,Fruit drinks,fruits,0.0,92.73,4.09,0.0,0.0,7
"Fruit Juice Drink, Light",fruits,39.0,0.0,10.0,0.07,0.0,9.0,2.0,5,1,1,0,0,6,"breakfast, pre_workout, snack",1 medium or 100g,4.6,0.0,0.0,Fruit drinks,fruits,0.0,100.0,1.62,0.01,0.0,7
"Soft Drink, Cola, Fruit Or Vanilla Flavored",fruits,42.0,0.0,10.36,0.25,0.0,9.94,3.0,5,1,1,0,0,6,"breakfast, pre_workout, snack",1 medium or 100g,4.6,0.0,0.0,Soft drinks,beverages,0.0,98.67,5.36,0.0,0.0,7
"Fruit Flavored Drink, Powdered, Reconstituted",fruits,25.0,0.0,6.55,0.07,0.0,6.5,12.0,5,1,1,0,0,6,"breakfast, pre_workout, snack",1 medium or 100g,4.6,0.0,0.0,Fruit drinks,fruits,0.0,100.0,2.52,0.01,0.0,7
"Cranberry Juice Drink, With High Vitamin C",fruits,54.0,0.0,13.52,0.1,0.0,11.87,2.0,5,1,1,0,0,6,"breakfast, pre_workout, snack",1 medium or 100g,4.6,0.0,0.0,Fruit drinks,fruits,0.0,100.0,1.67,0.01,0.0,7
"Fruit Flavored Drink, With High Vitamin C, Powdered, Reconstituted",fruits,41.0,0.0,10.45,0.0,0.0,9.75,5.0,5,1,1,0,0,6,"breakfast, pre_workout, snack",1 medium or 100g,4.6,0.0,0.0,Fruit drinks,fruits,0.0,100.0,0.0,0.0,0.0,7
"Fruit Flavored Drink, With High Vitamin C",fruits,27.0,0.0,6.67,0.0,0.0,5.0,36.0,5,1,1,0,0,6,"breakfast, pre_workout, snack",1 medium or 100g,4.6,0.0,0.0,Fruit drinks,fruits,0.0,98.81,0.0,0.0,0.0,7
