exercise_id,name,complexity_level,primary_equipment,target_muscles,secondary_muscles,body_parts,total_muscle_groups,gif_url,instructions,cardiovascular_endurance_score,muscular_strength_score,muscular_hypertrophy_score,power_development_score,functional_movement_score,calorie_expenditure_score,flexibility_mobility_score,balance_coordination_score,metabolic_conditioning_score,progressive_overload_score,primary_training_category,maintain_weight_compatibility,lose_weight_compatibility,gain_weight_compatibility,build_muscle_compatibility,improve_fitness_compatibility,sedentary_suitability,lightly_active_suitability,moderately_active_suitability,very_active_suitability,extremely_active_suitability,overall_quality_score
xnInPfE,Barbell Standing Ab Rollerout,2,barbell,abs,"shoulders, lower back",waist,3,https://static.exercisedb.dev/media/xnInPfE.gif,"Step:1 Stand upright with your feet shoulder-width apart and hold the barbell with both hands in front of your thighs. | Step:2 Engage your core and slowly roll the barbell down towards the ground, keeping your back straight and your arms extended. | Step:3 Continue rolling the barbell forward until your body is fully extended and your hands are directly above your head. | Step:4 Pause for a moment, then slowly roll the barbell back towards your thighs, maintaining control and keeping your core engaged. | Step:5 Repeat for the desired number of repetitions.",0.0,8.5,7.5,0.0,5.0,6.0,9.0,6.5,0.0,9.0,Flexibility & Mobility,5.5,3.4,6.6,6.6,4.7,6.0,8.0,6.0,6.0,4.0,5.3
Gxg9lDc,Barbell Rollerout From Bench,3,barbell,abs,"shoulders, triceps",waist,3,https://static.exercisedb.dev/media/Gxg9lDc.gif,"Step:1 Start by kneeling on the floor with a barbell placed on a bench in front of you. | Step:2 Grasp the barbell with an overhand grip, slightly wider than shoulder-width apart. | Step:3 Keeping your core engaged and your back straight, slowly roll the barbell forward, extending your arms in front of you. | Step:4 Continue rolling the barbell forward until your body is fully extended and your arms are overhead. | Step:5 Pause for a moment at the fully extended position, then slowly roll the barbell back towards your body, returning to the starting position. | Step:6 Repeat for the desired number of repetitions.",0.0,8.5,7.5,0.0,5.0,6.0,9.0,6.5,0.0,9.0,Flexibility & Mobility,5.5,3.4,6.6,6.6,4.7,5.0,7.0,7.0,7.0,6.0,5.3
PDHE73u,Controlled Band Straight Back Stiff Leg Deadlift,3,band,glutes,"hamstrings, lower back",upper legs,3,https://static.exercisedb.dev/media/PDHE73u.gif,"Step:1 Stand with your feet shoulder-width apart and place the band around your upper legs. | Step:2 Hold the band with both hands in front of your thighs, palms facing your body. | Step:3 Keeping your back straight and your knees slightly bent, hinge at the hips and lower the band towards the ground. Focus on controlled movement. | Step:4 Feel the stretch in your hamstrings as you lower the band. | Step:5 Engage your glutes and hamstrings to lift your body back up to the starting position. | Step:6 Repeat for the desired number of repetitions.",0.0,8.5,7.5,0.0,5.0,6.0,9.0,6.5,0.0,9.0,Flexibility & Mobility,5.5,3.4,6.6,6.6,4.7,7.5,7.0,7.0,6.0,5.0,5.3
7M66AVi,Barbell Rollerout,2,barbell,abs,lower back,waist,2,https://static.exercisedb.dev/media/7M66AVi.gif,"Step:1 Kneel on the floor and hold a barbell with both hands, shoulder-width apart. | Step:2 Roll the barbell forward, extending your arms and keeping your core engaged. | Step:3 Continue rolling forward until your body is fully extended and your arms are overhead. | Step:4 Pause for a moment, then slowly roll the barbell back towards your knees, maintaining control. | Step:5 Repeat for the desired number of repetitions.",0.0,6.5,8.5,0.0,5.0,4.0,9.0,6.5,0.0,7.5,Flexibility & Mobility,5.0,2.7,6.0,6.0,4.2,6.0,8.0,6.0,6.0,4.0,4.7
rmEukuS,Single Leg Bridge With Outstretched Leg,2,body weight,glutes,"hamstrings, quadriceps",upper legs,3,https://static.exercisedb.dev/media/rmEukuS.gif,"Step:1 Lie on your back with your knees bent and feet flat on the ground. | Step:2 Extend one leg straight out in front of you. | Step:3 Engage your glutes and lift your hips off the ground, forming a straight line from your knees to your shoulders. | Step:4 Hold for a moment at the top, then slowly lower your hips back down to the starting position. | Step:5 Repeat for the desired number of repetitions, then switch legs.",0.0,3.5,3.0,0.0,7.0,0.0,9.0,8.5,0.0,0.0,Flexibility & Mobility,5.1,1.6,2.6,2.6,4.2,8.5,8.0,6.0,5.0,3.0,3.2
mAYqY4M,Stretched Full Planche Push-Up,3,body weight,pectorals,"shoulders, triceps, core",chest,4,https://static.exercisedb.dev/media/mAYqY4M.gif,"Step:1 Start in a push-up position with your hands placed slightly wider than shoulder-width apart. | Step:2 Engage your core and lower your body down towards the ground, keeping your elbows close to your sides. | Step:3 As you lower yourself, lean your body forward and lift your feet off the ground, balancing on your hands. Perform with stretched intensity. | Step:4 Continue to lower your body until your chest is just above the ground. | Step:5 Push through your hands and extend your arms to lift your body back up to the starting position. | Step:6 Maintain a straight line from your head to your heels throughout the movement. | Step:7 Repeat for the desired number of repetitions.",0.0,3.5,3.0,0.0,5.0,0.0,9.0,6.5,0.0,0.0,Flexibility & Mobility,4.3,1.3,2.3,2.3,3.5,7.5,7.0,7.0,6.0,5.0,2.7
qOKcgVP,Standing Calves Calf Stretch,3,body weight,calves,"hamstrings, glutes",lower legs,3,https://static.exercisedb.dev/media/qOKcgVP.gif,"Step:1 Stand facing a wall or sturdy object, about an arm's length away. | Step:2 Place your hands on the wall or object at shoulder height. | Step:3 Step back with one foot, keeping your heel flat on the ground. | Step:4 Bend your front knee slightly and lean forward, keeping your back leg straight. | Step:5 You should feel a stretch in your calf muscle. | Step:6 Hold the stretch for 20-30 seconds. | Step:7 Repeat on the other leg.",0.0,3.5,3.0,0.0,5.0,0.0,9.0,6.5,0.0,0.0,Flexibility & Mobility,4.3,1.3,2.3,2.3,3.5,7.5,7.0,7.0,6.0,5.0,2.7
f38OEuO,Kneeling Lat Stretch,3,body weight,lats,"shoulders, triceps",back,3,https://static.exercisedb.dev/media/f38OEuO.gif,"Step:1 Kneel on the ground with your knees hip-width apart and your toes pointing back. | Step:2 Extend your arms overhead and interlace your fingers. | Step:3 Keeping your back straight, slowly lean to the right side, feeling a stretch in your left lat muscle. | Step:4 Hold the stretch for 20-30 seconds, then return to the starting position. | Step:5 Repeat the stretch on the left side, leaning to the left and feeling a stretch in your right lat muscle. | Step:6 Continue alternating sides for the desired number of repetitions.",0.0,3.5,3.0,0.0,5.0,0.0,9.0,6.5,0.0,0.0,Flexibility & Mobility,4.3,1.3,2.3,2.3,3.5,7.5,7.0,7.0,6.0,5.0,2.7
3uj0Ozg,Dynamic Chest Stretch (Male),3,body weight,pectorals,"shoulders, triceps",chest,3,https://static.exercisedb.dev/media/3uj0Ozg.gif,"Step:1 Stand tall with your feet shoulder-width apart. | Step:2 Extend your arms straight out to the sides, parallel to the ground. | Step:3 Slowly bring your arms forward, crossing them in front of your body. | Step:4 Feel the stretch in your chest muscles. | Step:5 Hold the stretch for 10-30 seconds. | Step:6 Return to the starting position and repeat for the desired number of repetitions.",0.0,3.5,3.0,0.0,5.0,0.0,9.0,6.5,0.0,0.0,Flexibility & Mobility,4.3,1.3,2.3,2.3,3.5,7.5,7.0,7.0,6.0,5.0,2.7
X7jbxra,Circles Knee Stretch,2,body weight,calves,"hamstrings, quadriceps",lower legs,3,https://static.exercisedb.dev/media/X7jbxra.gif,"Step:1 Stand with your feet shoulder-width apart and your hands on your hips. | Step:2 Bend your knees slightly and lift your heels off the ground, balancing on the balls of your feet. | Step:3 Keeping your knees bent, rotate your knees in a circular motion, first clockwise and then counterclockwise. | Step:4 Perform the movement for the desired number of repetitions.",0.0,3.5,3.0,0.0,5.0,0.0,9.0,6.5,0.0,0.0,Flexibility & Mobility,4.3,1.3,2.3,2.3,3.5,8.5,8.0,6.0,5.0,3.0,2.7
x2chWLO,Neck Side Stretch,2,body weight,levator scapulae,"trapezius, sternocleidomastoid",neck,3,https://static.exercisedb.dev/media/x2chWLO.gif,"Step:1 Stand or sit up straight with your shoulders relaxed. | Step:2 Tilt your head to one side, bringing your ear towards your shoulder. | Step:3 Hold the stretch for 15-30 seconds. | Step:4 Repeat on the other side. | Step:5 Perform 2-4 sets on each side.",0.0,3.5,3.0,0.0,5.0,0.0,9.0,6.5,0.0,0.0,Flexibility & Mobility,4.3,1.3,2.3,2.3,3.5,8.5,8.0,6.0,5.0,3.0,2.7
JbC2iaV,Spine Stretch,3,body weight,spine,"hamstrings, glutes",back,3,https://static.exercisedb.dev/media/JbC2iaV.gif,"Step:1 Sit on the ground with your legs extended in front of you. | Step:2 Place your hands on the ground behind you, fingers pointing towards your body. | Step:3 Engage your core and slowly lean back, keeping your back straight. | Step:4 Continue leaning back until you feel a stretch in your spine. | Step:5 Hold the stretch for a few seconds, then slowly return to the starting position. | Step:6 Repeat for the desired number of repetitions.",0.0,3.5,3.0,0.0,5.0,0.0,9.0,6.5,0.0,0.0,Flexibility & Mobility,4.3,1.3,2.3,2.3,3.5,7.5,7.0,7.0,6.0,5.0,2.7
chfnQnM,Back Pec Stretch,3,body weight,lats,"shoulders, chest",back,3,https://static.exercisedb.dev/media/chfnQnM.gif,"Step:1 Stand tall with your feet shoulder-width apart. | Step:2 Extend your arms straight out in front of you, parallel to the ground. | Step:3 Cross your arms in front of your body, with your right arm over your left arm. | Step:4 Interlock your fingers and rotate your palms away from your body. | Step:5 Slowly raise your arms up and away from your body, feeling a stretch in your back and chest. | Step:6 Hold the stretch for 15-30 seconds, then release. | Step:7 Repeat on the opposite side.",0.0,3.5,3.0,0.0,5.0,0.0,9.0,6.5,0.0,0.0,Flexibility & Mobility,4.3,1.3,2.3,2.3,3.5,7.5,7.0,7.0,6.0,5.0,2.7
qBcKorM,All Fours Squad Stretch,2,body weight,quads,"hamstrings, glutes",upper legs,3,https://static.exercisedb.dev/media/qBcKorM.gif,"Step:1 Start on all fours with your hands directly under your shoulders and your knees directly under your hips. | Step:2 Extend one leg straight back, keeping your knee bent and your foot flexed. | Step:3 Slowly lower your hips towards the ground, feeling a stretch in your quads. | Step:4 Hold this position for 20-30 seconds. | Step:5 Switch legs and repeat the stretch on the other side.",0.0,3.5,3.0,0.0,5.0,0.0,9.0,6.5,0.0,0.0,Flexibility & Mobility,4.3,1.3,2.3,2.3,3.5,8.5,8.0,6.0,5.0,3.0,2.7
2Dk4xQV,Rocking Frog Stretch,3,body weight,glutes,"hamstrings, quadriceps",upper legs,3,https://static.exercisedb.dev/media/2Dk4xQV.gif,"Step:1 Start by kneeling on the ground with your knees hip-width apart. | Step:2 Place your hands on the ground in front of you for support. | Step:3 Slowly lean forward, shifting your weight onto your hands and extending your legs behind you. | Step:4 Keep your back straight and engage your glutes as you push your hips back and up towards the ceiling. | Step:5 Hold this position for a few seconds, feeling a stretch in your glutes. | Step:6 Slowly return to the starting position by bending your knees and lowering your hips back down. | Step:7 Repeat for the desired number of repetitions.",0.0,3.5,3.0,0.0,5.0,0.0,9.0,6.5,0.0,0.0,Flexibility & Mobility,4.3,1.3,2.3,2.3,3.5,7.5,7.0,7.0,6.0,5.0,2.7
DFGXwZr,World Greatest Stretch,3,body weight,hamstrings,"glutes, quadriceps, calves",upper legs,4,https://static.exercisedb.dev/media/DFGXwZr.gif,"Step:1 Start in a lunge position with your right foot forward and your left foot back. | Step:2 Place your hands on the ground on either side of your right foot. | Step:3 Lower your left knee to the ground and extend your right leg, keeping your right foot flat on the ground. | Step:4 Rotate your torso to the right, reaching your right arm up towards the ceiling. | Step:5 Hold this position for a few seconds, then return to the starting position. | Step:6 Switch sides and repeat the stretch with your left foot forward.",0.0,3.5,3.0,0.0,5.0,0.0,9.0,6.5,0.0,0.0,Flexibility & Mobility,4.3,1.3,2.3,2.3,3.5,7.5,7.0,7.0,6.0,5.0,2.7
pZwUsKB,Iron Cross Stretch,3,body weight,glutes,"hamstrings, quadriceps",upper legs,3,https://static.exercisedb.dev/media/pZwUsKB.gif,"Step:1 Lie flat on your back with your arms extended out to the sides. | Step:2 Raise your legs up towards the ceiling, keeping them straight. | Step:3 Slowly lower your legs to one side, aiming to touch the floor with your feet. | Step:4 Hold the stretch for a few seconds, then return your legs to the starting position. | Step:5 Repeat the stretch on the other side. | Step:6 Continue alternating sides for the desired number of repetitions.",0.0,3.5,3.0,0.0,5.0,0.0,9.0,6.5,0.0,0.0,Flexibility & Mobility,4.3,1.3,2.3,2.3,3.5,7.5,7.0,7.0,6.0,5.0,2.7
bWlZvXh,Butterfly Yoga Pose,3,body weight,adductors,"hamstrings, groin",upper legs,3,https://static.exercisedb.dev/media/bWlZvXh.gif,"Step:1 Sit on the floor with your legs extended in front of you. | Step:2 Bend your knees and bring the soles of your feet together, allowing your knees to fall out to the sides. | Step:3 Hold onto your ankles or feet with your hands. | Step:4 Sit up tall and lengthen your spine. | Step:5 Gently press your knees down towards the floor, feeling a stretch in your inner thighs. | Step:6 Hold this position for a few breaths. | Step:7 To release, slowly bring your knees back up and extend your legs.",0.0,3.5,3.0,0.0,5.0,0.0,9.0,6.5,0.0,0.0,Flexibility & Mobility,4.3,1.3,2.3,2.3,3.5,7.5,7.0,7.0,6.0,5.0,2.7
xGgAGPm,Chair Leg Extended Stretch,2,body weight,quads,"hamstrings, calves",upper legs,3,https://static.exercisedb.dev/media/xGgAGPm.gif,"Step:1 Sit on the edge of a chair with your back straight and feet flat on the ground. | Step:2 Extend one leg straight out in front of you, keeping your heel on the ground. | Step:3 Lean forward slightly, feeling a stretch in your quadriceps. | Step:4 Hold this position for 20-30 seconds. | Step:5 Switch legs and repeat the stretch.",0.0,3.5,3.0,0.0,5.0,0.0,9.0,6.5,0.0,0.0,Flexibility & Mobility,4.3,1.3,2.3,2.3,3.5,8.5,8.0,6.0,5.0,3.0,2.7
xifhB5W,Rear Deltoid Stretch,2,body weight,delts,"trapezius, rhomboids",shoulders,3,https://static.exercisedb.dev/media/xifhB5W.gif,"Step:1 Stand tall with your feet shoulder-width apart. | Step:2 Extend your right arm across your chest, placing your left hand on your right elbow. | Step:3 Gently pull your right arm towards your left shoulder, feeling a stretch in your right shoulder. | Step:4 Hold the stretch for 15-30 seconds, then release. | Step:5 Repeat on the other side.",0.0,3.5,3.0,0.0,5.0,0.0,9.0,6.5,0.0,0.0,Flexibility & Mobility,4.3,1.3,2.3,2.3,3.5,8.5,8.0,6.0,5.0,3.0,2.7
QFmz6ch,Seated Lower Back Stretch,2,body weight,lats,"glutes, hamstrings",back,3,https://static.exercisedb.dev/media/QFmz6ch.gif,"Step:1 Sit on the edge of a chair with your feet flat on the ground. | Step:2 Place your hands on your thighs or on the sides of the chair for support. | Step:3 Slowly lean forward from your hips, keeping your back straight. | Step:4 Feel the stretch in your lower back and hold for 20-30 seconds. | Step:5 Slowly return to the starting position and repeat for the desired number of repetitions.",0.0,3.5,3.0,0.0,5.0,0.0,9.0,6.5,0.0,0.0,Flexibility & Mobility,4.3,1.3,2.3,2.3,3.5,8.5,8.0,6.0,5.0,3.0,2.7
fF6GKVh,Chair Leg Extended Stretch With Modified,2,body weight,quads,"hamstrings, calves",upper legs,3,https://static.exercisedb.dev/media/fF6GKVh.gif,"Step:1 Sit on the edge of a chair with your back straight and feet flat on the ground. | Step:2 Extend one leg straight out in front of you, keeping your heel on the ground. | Step:3 Lean forward slightly, feeling a stretch in your quadriceps. | Step:4 Hold this position for 20-30 seconds. Focus on modified movement. | Step:5 Switch legs and repeat the stretch.",0.0,3.5,3.0,0.0,5.0,0.0,9.0,6.5,0.0,0.0,Flexibility & Mobility,4.3,1.3,2.3,2.3,3.5,8.5,8.0,6.0,5.0,3.0,2.7
p5v6rdT,Iron Cross Stretch - Deep Variation,3,body weight,glutes,"hamstrings, quadriceps",upper legs,3,https://static.exercisedb.dev/media/p5v6rdT.gif,"Step:1 Lie flat on your back with your arms extended out to the sides. | Step:2 Raise your legs up towards the ceiling, keeping them straight. | Step:3 Slowly lower your legs to one side, aiming to touch the floor with your feet. | Step:4 Hold the stretch for a few seconds, then return your legs to the starting position. | Step:5 Repeat the stretch on the other side. Maintain deep form throughout. | Step:6 Continue alternating sides for the desired number of repetitions.",0.0,3.5,3.0,0.0,5.0,0.0,9.0,6.5,0.0,0.0,Flexibility & Mobility,4.3,1.3,2.3,2.3,3.5,7.5,7.0,7.0,6.0,5.0,2.7
LzX8YEz,All Fours Squad Stretch - Elevated Variation,2,body weight,quads,"hamstrings, glutes",upper legs,3,https://static.exercisedb.dev/media/LzX8YEz.gif,"Step:1 Start on all fours with your hands directly under your shoulders and your knees directly under your hips. | Step:2 Extend one leg straight back, keeping your knee bent and your foot flexed. Maintain elevated form throughout. | Step:3 Slowly lower your hips towards the ground, feeling a stretch in your quads. | Step:4 Hold this position for 20-30 seconds. | Step:5 Switch legs and repeat the stretch on the other side.",0.0,3.5,3.0,0.0,5.0,0.0,9.0,6.5,0.0,0.0,Flexibility & Mobility,4.3,1.3,2.3,2.3,3.5,8.5,8.0,6.0,5.0,3.0,2.7
1jXLYEw,Standing Lateral Stretch,3,body weight,lats,"shoulders, obliques",back,3,https://static.exercisedb.dev/media/1jXLYEw.gif,"Step:1 Stand with your feet shoulder-width apart and your knees slightly bent. | Step:2 Extend your arms straight out to the sides, parallel to the ground. | Step:3 Slowly lean your upper body to one side, feeling a stretch in your side and lats. | Step:4 Hold the stretch for 15-30 seconds. | Step:5 Return to the starting position and repeat on the other side. | Step:6 Repeat for the desired number of repetitions.",0.0,3.5,3.0,0.0,5.0,0.0,9.0,6.5,0.0,0.0,Flexibility & Mobility,4.3,1.3,2.3,2.3,3.5,7.5,7.0,7.0,6.0,5.0,2.7
oQRJYkC,Side Push Neck Stretch,3,body weight,levator scapulae,"trapezius, sternocleidomastoid",neck,3,https://static.exercisedb.dev/media/oQRJYkC.gif,"Step:1 Stand or sit up straight with your shoulders relaxed. | Step:2 Tilt your head to the right, bringing your right ear towards your right shoulder. | Step:3 Place your right hand on the left side of your head and gently apply pressure to increase the stretch. | Step:4 Hold the stretch for 15-30 seconds. | Step:5 Repeat on the other side, tilting your head to the left and applying pressure with your left hand. | Step:6 Repeat the stretch 2-3 times on each side.",0.0,3.5,3.0,0.0,5.0,0.0,9.0,6.5,0.0,0.0,Flexibility & Mobility,4.3,1.3,2.3,2.3,3.5,7.5,7.0,7.0,6.0,5.0,2.7
jDOKRM5,Side Lying Floor Stretch,3,body weight,lats,"obliques, glutes",back,3,https://static.exercisedb.dev/media/jDOKRM5.gif,"Step:1 Lie on your side with your legs straight and your bottom arm extended straight overhead. | Step:2 Bend your top knee and place your foot on the ground in front of your bottom leg. | Step:3 Reach your top arm over your head and grab onto something stable, like a wall or a piece of furniture. | Step:4 Slowly lift your bottom leg off the ground, keeping it straight, until you feel a stretch in your side. | Step:5 Hold the stretch for 20-30 seconds, then slowly lower your leg back down. | Step:6 Repeat on the other side.",0.0,3.5,3.0,0.0,5.0,0.0,9.0,6.5,0.0,0.0,Flexibility & Mobility,4.3,1.3,2.3,2.3,3.5,7.5,7.0,7.0,6.0,5.0,2.7
7ePTw4B,Exercise Ball Seated Triceps Stretch,2,stability ball,triceps,shoulders,upper arms,2,https://static.exercisedb.dev/media/7ePTw4B.gif,"Step:1 Sit on a stability ball with your feet flat on the ground and your back straight. | Step:2 Hold a dumbbell in one hand and extend your arm straight up above your head. | Step:3 Bend your elbow and lower the dumbbell behind your head, keeping your upper arm close to your ear. | Step:4 Hold the stretch for a few seconds, then return to the starting position. | Step:5 Repeat with the other arm.",0.0,0.0,0.0,0.0,7.0,0.0,9.0,8.5,0.0,0.0,Flexibility & Mobility,4.3,1.1,1.1,1.1,3.4,7.0,8.0,6.0,5.0,3.0,2.3
PzNxakt,Calf Push Stretch With Hands Against Wall,3,body weight,calves,hamstrings,lower legs,2,https://static.exercisedb.dev/media/PzNxakt.gif,"Step:1 Stand facing a wall with your feet hip-width apart. | Step:2 Place your hands against the wall at shoulder height. | Step:3 Step back with one foot, keeping your heel on the ground and your leg straight. | Step:4 Bend your front knee slightly and lean forward, feeling a stretch in your calf. | Step:5 Hold the stretch for 20-30 seconds. | Step:6 Switch legs and repeat the stretch.",2.0,0.0,0.0,0.0,5.0,2.5,9.0,6.5,0.0,0.0,Flexibility & Mobility,4.0,1.8,0.8,0.8,3.2,7.5,7.0,7.0,6.0,5.0,2.3
yRYyfdA,Exercise Ball Seated Hamstring Stretch,3,stability ball,hamstrings,"glutes, lower back",upper legs,3,https://static.exercisedb.dev/media/yRYyfdA.gif,"Step:1 Sit on the stability ball with your feet flat on the ground and your knees bent at a 90-degree angle. | Step:2 Slowly roll the ball forward, walking your feet out until your upper back is resting on the ball and your legs are extended straight in front of you. | Step:3 Place your hands on your hips for support. | Step:4 Engage your core and slowly lower your upper body towards the ground, keeping your back straight and your chest lifted. | Step:5 Stop when you feel a stretch in your hamstrings, and hold the position for 20-30 seconds. | Step:6 Slowly return to the starting position by pushing through your heels and using your hamstrings to pull yourself back up. | Step:7 Repeat for the desired number of repetitions.",0.0,0.0,0.0,0.0,7.0,0.0,9.0,8.5,0.0,0.0,Flexibility & Mobility,4.3,1.1,1.1,1.1,3.4,6.0,7.0,7.0,6.0,5.0,2.3
m0tCHqc,Calf Stretch With Hands Against Wall,3,body weight,calves,hamstrings,lower legs,2,https://static.exercisedb.dev/media/m0tCHqc.gif,"Step:1 Stand facing a wall with your feet hip-width apart. | Step:2 Place your hands against the wall at shoulder height. | Step:3 Step your right foot back, keeping your heel on the ground and your leg straight. | Step:4 Bend your left knee and lean forward, keeping your back leg straight and your heel on the ground. | Step:5 Hold the stretch for 20-30 seconds. | Step:6 Switch legs and repeat the stretch.",2.0,0.0,0.0,0.0,5.0,2.5,9.0,6.5,0.0,0.0,Flexibility & Mobility,4.0,1.8,0.8,0.8,3.2,7.5,7.0,7.0,6.0,5.0,2.3
rTbyBYV,Exercise Ball Lying Side Lat Stretch,2,stability ball,lats,"shoulders, triceps",back,3,https://static.exercisedb.dev/media/rTbyBYV.gif,"Step:1 Lie on your side with your legs extended and your head supported by the stability ball. | Step:2 Place your top arm on the ball for stability. | Step:3 Reach your top arm overhead and allow your torso to rotate slightly. | Step:4 Feel the stretch in your lat muscles on the side of your body. | Step:5 Hold the stretch for 20-30 seconds, then switch sides and repeat.",0.0,0.0,0.0,0.0,7.0,0.0,9.0,8.5,0.0,0.0,Flexibility & Mobility,4.3,1.1,1.1,1.1,3.4,7.0,8.0,6.0,5.0,3.0,2.3
2LQkNPW,Exercise Ball Hip Flexor Stretch,2,stability ball,glutes,"quadriceps, hamstrings",upper legs,3,https://static.exercisedb.dev/media/2LQkNPW.gif,"Step:1 Place the stability ball on the ground and kneel in front of it. | Step:2 Place your right foot on top of the stability ball, with your knee bent at a 90-degree angle. | Step:3 Extend your left leg behind you, keeping it straight. | Step:4 Lean forward, pushing your hips towards the stability ball, until you feel a stretch in your right hip flexor. | Step:5 Hold the stretch for 20-30 seconds, then switch sides and repeat.",0.0,0.0,0.0,0.0,7.0,0.0,9.0,8.5,0.0,0.0,Flexibility & Mobility,4.3,1.1,1.1,1.1,3.4,7.0,8.0,6.0,5.0,3.0,2.3
Uto7l43,Chest And Front Of Shoulder Stretch,3,body weight,pectorals,deltoids,chest,2,https://static.exercisedb.dev/media/Uto7l43.gif,"Step:1 Stand tall with your feet shoulder-width apart. | Step:2 Extend your arms straight out in front of you at shoulder height. | Step:3 Cross your arms in front of your body, with your right arm on top of your left arm. | Step:4 Interlace your fingers and press your palms together. | Step:5 Gently squeeze your shoulder blades together and push your hands forward, feeling a stretch in your chest and front of your shoulders. | Step:6 Hold the stretch for 20-30 seconds, then release. | Step:7 Repeat for the desired number of repetitions.",2.0,0.0,0.0,0.0,5.0,2.5,9.0,6.5,0.0,0.0,Flexibility & Mobility,4.0,1.8,0.8,0.8,3.2,7.5,7.0,7.0,6.0,5.0,2.3
DeDThfG,Seated Glute Stretch,3,body weight,glutes,hamstrings,upper legs,2,https://static.exercisedb.dev/media/DeDThfG.gif,"Step:1 Sit on the ground with your legs extended in front of you. | Step:2 Bend your right knee and cross your right ankle over your left thigh. | Step:3 Place your right hand on the ground behind you for support. | Step:4 With your left hand, gently press down on your right knee to deepen the stretch. | Step:5 Hold the stretch for 30 seconds to 1 minute. | Step:6 Switch sides and repeat.",2.0,0.0,0.0,0.0,5.0,2.5,9.0,6.5,0.0,0.0,Flexibility & Mobility,4.0,1.8,0.8,0.8,3.2,7.5,7.0,7.0,6.0,5.0,2.3
vobtVkm,Calf Push Stretch With Hands Against Wall Elite,3,body weight,calves,hamstrings,lower legs,2,https://static.exercisedb.dev/media/vobtVkm.gif,"Step:1 Stand facing a wall with your feet hip-width apart. | Step:2 Place your hands against the wall at shoulder height. | Step:3 Step back with one foot, keeping your heel on the ground and your leg straight. | Step:4 Bend your front knee slightly and lean forward, feeling a stretch in your calf. | Step:5 Hold the stretch for 20-30 seconds. | Step:6 Switch legs and repeat the stretch. Focus on elite movement.",2.0,0.0,0.0,0.0,5.0,2.5,9.0,6.5,0.0,0.0,Flexibility & Mobility,4.0,1.8,0.8,0.8,3.2,7.5,7.0,7.0,6.0,5.0,2.3
pNIKolI,Exercise Ball Seated Triceps Stretch Wide,2,stability ball,triceps,shoulders,upper arms,2,https://static.exercisedb.dev/media/pNIKolI.gif,"Step:1 Sit on a stability ball with your feet flat on the ground and your back straight. | Step:2 Hold a dumbbell in one hand and extend your arm straight up above your head. | Step:3 Bend your elbow and lower the dumbbell behind your head, keeping your upper arm close to your ear. Maintain wide form throughout. | Step:4 Hold the stretch for a few seconds, then return to the starting position. | Step:5 Repeat with the other arm.",0.0,0.0,0.0,0.0,7.0,0.0,9.0,8.5,0.0,0.0,Flexibility & Mobility,4.3,1.1,1.1,1.1,3.4,7.0,8.0,6.0,5.0,3.0,2.3
W1p7BND,Chest Stretch With Exercise Ball Partial,2,stability ball,pectorals,"shoulders, triceps",chest,3,https://static.exercisedb.dev/media/W1p7BND.gif,"Step:1 Sit on the stability ball with your feet flat on the ground and your back straight. | Step:2 Hold the exercise ball with both hands and extend your arms straight out in front of you. Focus on partial movement. | Step:3 Slowly bring the exercise ball towards your chest, feeling a stretch in your chest muscles. | Step:4 Hold the stretch for a few seconds, then slowly return to the starting position. | Step:5 Repeat for the desired number of repetitions.",0.0,0.0,0.0,0.0,7.0,0.0,9.0,8.5,0.0,0.0,Flexibility & Mobility,4.3,1.1,1.1,1.1,3.4,7.0,8.0,6.0,5.0,3.0,2.3
hjWjJEm,Exercise Ball Hip Flexor Stretch Pointed,2,stability ball,glutes,"quadriceps, hamstrings",upper legs,3,https://static.exercisedb.dev/media/hjWjJEm.gif,"Step:1 Place the stability ball on the ground and kneel in front of it. | Step:2 Place your right foot on top of the stability ball, with your knee bent at a 90-degree angle. | Step:3 Extend your left leg behind you, keeping it straight. | Step:4 Lean forward, pushing your hips towards the stability ball, until you feel a stretch in your right hip flexor. | Step:5 Hold the stretch for 20-30 seconds, then switch sides and repeat. Emphasize pointed control.",0.0,0.0,0.0,0.0,7.0,0.0,9.0,8.5,0.0,0.0,Flexibility & Mobility,4.3,1.1,1.1,1.1,3.4,7.0,8.0,6.0,5.0,3.0,2.3
Aj9vWh7,Isolation Assisted Seated Pectoralis Major Stretch With Stability Ball,2,assisted,pectorals,"shoulders, triceps",chest,3,https://static.exercisedb.dev/media/Aj9vWh7.gif,"Step:1 Sit on a stability ball with your feet flat on the ground and your back straight. | Step:2 Hold a stability ball with both hands and extend your arms straight out in front of you. | Step:3 Slowly lower the stability ball towards your chest, feeling a stretch in your pectoral muscles. | Step:4 Hold the stretch for a few seconds, then slowly return to the starting position. Emphasize isolation control. | Step:5 Repeat for the desired number of repetitions.",0.0,0.0,0.0,0.0,7.0,0.0,9.0,8.5,0.0,0.0,Flexibility & Mobility,4.3,1.1,1.1,1.1,3.4,7.0,8.0,6.0,5.0,3.0,2.3
GSDioYu,Upper Back Stretch,3,body weight,upper back,shoulders,back,2,https://static.exercisedb.dev/media/GSDioYu.gif,"Step:1 Stand up straight with your feet shoulder-width apart. | Step:2 Extend your arms straight in front of you, parallel to the ground. | Step:3 Interlace your fingers and rotate your palms away from your body. | Step:4 Slowly raise your arms overhead, keeping them straight and parallel to each other. | Step:5 As you raise your arms, squeeze your shoulder blades together. | Step:6 Hold the stretch for 15-30 seconds, then release and repeat.",2.0,0.0,0.0,0.0,5.0,2.5,9.0,6.5,0.0,0.0,Flexibility & Mobility,4.0,1.8,0.8,0.8,3.2,7.5,7.0,7.0,6.0,5.0,2.3
iDGtjyi,Chest And Front Of Shoulder Stretch Micro,3,body weight,pectorals,deltoids,chest,2,https://static.exercisedb.dev/media/iDGtjyi.gif,"Step:1 Stand tall with your feet shoulder-width apart. | Step:2 Extend your arms straight out in front of you at shoulder height. | Step:3 Cross your arms in front of your body, with your right arm on top of your left arm. | Step:4 Interlace your fingers and press your palms together. | Step:5 Gently squeeze your shoulder blades together and push your hands forward, feeling a stretch in your chest and front of your shoulders. | Step:6 (micro variation) Hold the stretch for 20-30 seconds, then release. | Step:7 Repeat for the desired number of repetitions.",2.0,0.0,0.0,0.0,5.0,2.5,9.0,6.5,0.0,0.0,Flexibility & Mobility,4.0,1.8,0.8,0.8,3.2,7.5,7.0,7.0,6.0,5.0,2.3
RoV1Rfa,Assisted Seated Pectoralis Major Stretch With Stability Ball,2,assisted,pectorals,"shoulders, triceps",chest,3,https://static.exercisedb.dev/media/RoV1Rfa.gif,"Step:1 Sit on a stability ball with your feet flat on the ground and your back straight. | Step:2 Hold a stability ball with both hands and extend your arms straight out in front of you. | Step:3 Slowly lower the stability ball towards your chest, feeling a stretch in your pectoral muscles. | Step:4 Hold the stretch for a few seconds, then slowly return to the starting position. | Step:5 Repeat for the desired number of repetitions.",0.0,0.0,0.0,0.0,7.0,0.0,9.0,8.5,0.0,0.0,Flexibility & Mobility,4.3,1.1,1.1,1.1,3.4,7.0,8.0,6.0,5.0,3.0,2.3
sU5BrfP,Leg Up Hamstring Stretch,2,body weight,hamstrings,glutes,upper legs,2,https://static.exercisedb.dev/media/sU5BrfP.gif,"Step:1 Lie flat on your back with your legs extended. | Step:2 Bend one knee and bring it towards your chest, holding onto your thigh or shin. | Step:3 Straighten your leg as much as possible while keeping it elevated. | Step:4 Hold the stretch for 20-30 seconds. | Step:5 Repeat with the other leg.",2.0,0.0,0.0,0.0,5.0,2.5,9.0,6.5,0.0,0.0,Flexibility & Mobility,4.0,1.8,0.8,0.8,3.2,8.5,8.0,6.0,5.0,3.0,2.3
sM84pE4,Exercise Ball Lat Stretch,2,stability ball,lats,"shoulders, triceps",back,3,https://static.exercisedb.dev/media/sM84pE4.gif,"Step:1 Sit on a stability ball with your feet flat on the ground and your back straight. | Step:2 Hold a dumbbell in one hand and extend your arm straight up overhead. | Step:3 Slowly lean to the opposite side, feeling a stretch in your lat muscle. | Step:4 Hold the stretch for 20-30 seconds, then return to the starting position. | Step:5 Repeat on the other side.",0.0,0.0,0.0,0.0,7.0,0.0,9.0,8.5,0.0,0.0,Flexibility & Mobility,4.3,1.1,1.1,1.1,3.4,7.0,8.0,6.0,5.0,3.0,2.3
Z5YStHW,Overhead Triceps Stretch,2,body weight,triceps,shoulders,upper arms,2,https://static.exercisedb.dev/media/Z5YStHW.gif,"Step:1 Stand or sit upright with your feet shoulder-width apart. | Step:2 Extend one arm overhead, bending at the elbow so that your hand reaches towards the opposite shoulder blade. | Step:3 With your other hand, gently pull the elbow of the extended arm towards the opposite side of your head, feeling a stretch in your triceps. | Step:4 Hold the stretch for 15-30 seconds, then release. | Step:5 Repeat on the other side.",2.0,0.0,0.0,0.0,5.0,2.5,9.0,6.5,0.0,0.0,Flexibility & Mobility,4.0,1.8,0.8,0.8,3.2,8.5,8.0,6.0,5.0,3.0,2.3
QY39eBr,Seated Piriformis Stretch,2,body weight,glutes,hamstrings,upper legs,2,https://static.exercisedb.dev/media/QY39eBr.gif,"Step:1 Sit on the ground with your legs extended in front of you. | Step:2 Bend your right knee and place your right foot on the outside of your left knee. | Step:3 Place your left elbow on the outside of your right knee and gently twist your torso to the right. | Step:4 Hold the stretch for 20-30 seconds, then switch sides and repeat.",2.0,0.0,0.0,0.0,5.0,2.5,9.0,6.5,0.0,0.0,Flexibility & Mobility,4.0,1.8,0.8,0.8,3.2,8.5,8.0,6.0,5.0,3.0,2.3
ykA5tU7,Chest Stretch With Exercise Ball,2,stability ball,pectorals,"shoulders, triceps",chest,3,https://static.exercisedb.dev/media/ykA5tU7.gif,"Step:1 Sit on the stability ball with your feet flat on the ground and your back straight. | Step:2 Hold the exercise ball with both hands and extend your arms straight out in front of you. | Step:3 Slowly bring the exercise ball towards your chest, feeling a stretch in your chest muscles. | Step:4 Hold the stretch for a few seconds, then slowly return to the starting position. | Step:5 Repeat for the desired number of repetitions.",0.0,0.0,0.0,0.0,7.0,0.0,9.0,8.5,0.0,0.0,Flexibility & Mobility,4.3,1.1,1.1,1.1,3.4,7.0,8.0,6.0,5.0,3.0,2.3
yU7w7CA,Exercise Ball Lower Back Stretch (Pyramid),3,stability ball,lats,"glutes, hamstrings",back,3,https://static.exercisedb.dev/media/yU7w7CA.gif,"Step:1 Sit on the stability ball with your feet flat on the ground and your knees bent at a 90-degree angle. | Step:2 Slowly walk your feet forward, rolling the ball down your back until your lower back is resting on the ball. | Step:3 Place your hands behind your head or cross them over your chest. | Step:4 Engage your core and slowly lower your upper body towards the ground, allowing your lower back to stretch over the ball. | Step:5 Hold the stretch for a few seconds, then slowly return to the starting position. | Step:6 Repeat for the desired number of repetitions.",0.0,0.0,0.0,0.0,7.0,0.0,9.0,8.5,0.0,0.0,Flexibility & Mobility,4.3,1.1,1.1,1.1,3.4,6.0,7.0,7.0,6.0,5.0,2.3
99rWm7w,Hamstring Stretch,2,body weight,hamstrings,glutes,upper legs,2,https://static.exercisedb.dev/media/99rWm7w.gif,"Step:1 Stand with your feet shoulder-width apart. | Step:2 Step forward with your right foot and shift your weight onto your right leg. | Step:3 Keeping your back straight, slowly bend forward at the hips, reaching towards your right foot with both hands. | Step:4 Hold the stretch for 20-30 seconds, then return to the starting position. | Step:5 Repeat on the other side.",2.0,0.0,0.0,0.0,5.0,2.5,9.0,6.5,0.0,0.0,Flexibility & Mobility,4.0,1.8,0.8,0.8,3.2,8.5,8.0,6.0,5.0,3.0,2.3
CjETvlw,Roller Seated Single Leg Shoulder Flexor Depresor Retractor,3,roller,pectorals,"deltoids, triceps",chest,3,https://static.exercisedb.dev/media/CjETvlw.gif,"Step:1 Sit on a flat surface with your legs extended in front of you. | Step:2 Hold the roller with both hands, palms facing down, and place it on your thighs. | Step:3 Lean back slightly and engage your core muscles. | Step:4 Raise the roller up to shoulder level, keeping your arms straight. | Step:5 Slowly lower the roller back down to your thighs. | Step:6 Repeat for the desired number of repetitions.",0.0,0.0,0.0,0.0,7.0,0.0,9.0,8.5,0.0,0.0,Flexibility & Mobility,4.3,1.1,1.1,1.1,3.4,6.0,7.0,7.0,6.0,5.0,2.3
17bqEXD,Seated Calf Stretch (Male),2,body weight,calves,hamstrings,lower legs,2,https://static.exercisedb.dev/media/17bqEXD.gif,"Step:1 Sit on the edge of a chair or bench with your feet flat on the ground. | Step:2 Extend one leg straight out in front of you, keeping your heel on the ground. | Step:3 Lean forward slightly, feeling a stretch in your calf muscle. | Step:4 Hold the stretch for 20-30 seconds. | Step:5 Switch legs and repeat the stretch.",2.0,0.0,0.0,0.0,5.0,2.5,9.0,6.5,0.0,0.0,Flexibility & Mobility,4.0,1.8,0.8,0.8,3.2,8.5,8.0,6.0,5.0,3.0,2.3
BWnJR72,Lying (Side) Quads Stretch,2,body weight,quads,hamstrings,upper legs,2,https://static.exercisedb.dev/media/BWnJR72.gif,Step:1 Lie on your side with your legs straight. | Step:2 Bend your top leg and grab your ankle or foot with your hand. | Step:3 Gently pull your ankle or foot towards your glutes until you feel a stretch in your quads. | Step:4 Hold the stretch for 20-30 seconds. | Step:5 Release the stretch and repeat on the other side.,2.0,0.0,0.0,0.0,5.0,2.5,9.0,6.5,0.0,0.0,Flexibility & Mobility,4.0,1.8,0.8,0.8,3.2,8.5,8.0,6.0,5.0,3.0,2.3
uOV3Itw,Triceps Stretch,2,body weight,triceps,shoulders,upper arms,2,https://static.exercisedb.dev/media/uOV3Itw.gif,"Step:1 Stand or sit upright with your back straight. | Step:2 Extend one arm overhead, bending it at the elbow. | Step:3 Place your opposite hand on the bent elbow and gently pull it towards your head. | Step:4 Hold the stretch for 15-30 seconds, feeling a gentle stretch in your triceps. | Step:5 Release the stretch and repeat on the other arm.",2.0,0.0,0.0,0.0,5.0,2.5,9.0,6.5,0.0,0.0,Flexibility & Mobility,4.0,1.8,0.8,0.8,3.2,8.5,8.0,6.0,5.0,3.0,2.3
c3Pfhti,Roller Side Lat Stretch,2,roller,lats,"shoulders, triceps",back,3,https://static.exercisedb.dev/media/c3Pfhti.gif,"Step:1 Stand with your feet shoulder-width apart and hold the roller with both hands in front of your body. | Step:2 Bend your knees slightly and hinge forward at the hips, keeping your back straight. | Step:3 Extend your arms forward and roll the roller down towards your feet, feeling a stretch in your lats. | Step:4 Hold the stretch for a few seconds, then slowly roll the roller back up to the starting position. | Step:5 Repeat for the desired number of repetitions.",0.0,0.0,0.0,0.0,5.0,0.0,9.0,6.5,0.0,0.0,Flexibility & Mobility,3.5,0.8,0.8,0.8,2.7,7.0,8.0,6.0,5.0,3.0,1.9
XeMvLgE,Roller Body Saw,2,roller,abs,"shoulders, triceps, core",waist,4,https://static.exercisedb.dev/media/XeMvLgE.gif,"Step:1 Start in a plank position with your forearms on the roller and your body in a straight line. | Step:2 Engage your core and slowly roll the roller forward, extending your body as far as you can while maintaining control. | Step:3 Pause for a moment at the furthest point, then slowly roll the roller back towards your starting position. | Step:4 Repeat for the desired number of repetitions.",0.0,0.0,0.0,0.0,5.0,0.0,9.0,6.5,0.0,0.0,Flexibility & Mobility,3.5,0.8,0.8,0.8,2.7,7.0,8.0,6.0,5.0,3.0,1.9
8coXSYU,Roller Seated Shoulder Flexor Depresor Retractor,2,roller,pectorals,"deltoids, triceps",chest,3,https://static.exercisedb.dev/media/8coXSYU.gif,"Step:1 Sit on a flat surface with your legs extended in front of you. | Step:2 Hold the roller with both hands, palms facing down, and place it on your thighs. | Step:3 Lean forward slightly and roll the roller away from your body, extending your arms straight in front of you. | Step:4 Pause for a moment, then slowly roll the roller back towards your body, bending your arms and bringing the roller back to your thighs. | Step:5 Repeat for the desired number of repetitions.",0.0,0.0,0.0,0.0,5.0,0.0,9.0,6.5,0.0,0.0,Flexibility & Mobility,3.5,0.8,0.8,0.8,2.7,7.0,8.0,6.0,5.0,3.0,1.9
hC6oYY5,Assisted Side Lying Adductor Stretch,3,assisted,adductors,"hamstrings, glutes",upper legs,3,https://static.exercisedb.dev/media/hC6oYY5.gif,"Step:1 Lie on your side with your legs straight and stacked on top of each other. | Step:2 Bend your bottom leg slightly for stability. | Step:3 Place your top foot on a stable surface, such as a bench or step. | Step:4 Keeping your top leg straight, slowly lower it towards the ground, feeling a stretch in your inner thigh. | Step:5 Hold the stretch for 20-30 seconds. | Step:6 Return to the starting position and repeat on the other side.",0.0,0.0,0.0,0.0,5.0,0.0,9.0,6.5,0.0,0.0,Flexibility & Mobility,3.5,0.8,0.8,0.8,2.7,6.0,7.0,7.0,6.0,5.0,1.9
xTjr103,Standing Hamstring And Calf Stretch With Strap,3,rope,hamstrings,calves,upper legs,2,https://static.exercisedb.dev/media/xTjr103.gif,"Step:1 Stand upright with your feet shoulder-width apart. | Step:2 Hold the strap with both hands and place it around the ball of your foot. | Step:3 Keep your leg straight and slowly lean forward from your hips, keeping your back straight. | Step:4 Feel the stretch in your hamstring and calf muscles. | Step:5 Hold the stretch for 20-30 seconds. | Step:6 Release the stretch and repeat with the other leg. | Step:7 Repeat for the desired number of repetitions.",0.0,0.0,0.0,0.0,5.0,0.0,9.0,6.5,0.0,0.0,Flexibility & Mobility,3.5,0.8,0.8,0.8,2.7,6.0,7.0,7.0,6.0,5.0,1.9
yn0LjwL,Assisted Lying Glutes Stretch,2,assisted,glutes,hamstrings,upper legs,2,https://static.exercisedb.dev/media/yn0LjwL.gif,"Step:1 Lie on your back with your legs extended. | Step:2 Bend your right knee and place your right ankle on your left thigh, just above the knee. | Step:3 Grasp your left thigh with both hands and gently pull it towards your chest. | Step:4 Hold the stretch for 20-30 seconds. | Step:5 Release and repeat on the other side.",0.0,0.0,0.0,0.0,5.0,0.0,9.0,6.5,0.0,0.0,Flexibility & Mobility,3.5,0.8,0.8,0.8,2.7,7.0,8.0,6.0,5.0,3.0,1.9
2Ryn564,Assisted Prone Rectus Femoris Stretch,2,assisted,abs,quadriceps,waist,2,https://static.exercisedb.dev/media/2Ryn564.gif,"Step:1 Lie face down on the ground with your legs straight. | Step:2 Bend your right knee and reach back with your right hand to grab your right foot or ankle. | Step:3 Gently pull your right foot or ankle towards your glutes, feeling a stretch in the front of your right thigh. | Step:4 Hold the stretch for 20-30 seconds. | Step:5 Release and repeat on the other side.",0.0,0.0,0.0,0.0,5.0,0.0,9.0,6.5,0.0,0.0,Flexibility & Mobility,3.5,0.8,0.8,0.8,2.7,7.0,8.0,6.0,5.0,3.0,1.9
MqNdIbe,Controlled Wrist Rollerer,3,weighted,forearms,"biceps, triceps",lower arms,3,https://static.exercisedb.dev/media/MqNdIbe.gif,"Step:1 Attach a weight to one end of a rope or bar. | Step:2 Hold the other end of the rope or bar with both hands, palms facing down. | Step:3 Stand with your feet shoulder-width apart and your arms fully extended in front of you. | Step:4 Slowly roll the weight up towards your hands by flexing your wrists. | Step:5 Pause for a moment at the top, then slowly lower the weight back down to the starting position. Perform with controlled intensity. | Step:6 Repeat for the desired number of repetitions.",0.0,0.0,0.0,0.0,5.0,0.0,9.0,6.5,0.0,0.0,Flexibility & Mobility,3.5,0.8,0.8,0.8,2.7,6.0,7.0,7.0,6.0,5.0,1.9
KtRomty,Standing Wheel Rollerout,2,wheel roller,abs,"lower back, shoulders",waist,3,https://static.exercisedb.dev/media/KtRomty.gif,"Step:1 Start by standing tall with your feet shoulder-width apart and the wheel roller in front of you. | Step:2 Bend at your waist and slowly roll the wheel forward, keeping your back straight and your core engaged. | Step:3 Continue rolling forward until you feel a stretch in your abs and your body is extended as far as possible. | Step:4 Pause for a moment, then slowly roll the wheel back towards your body, returning to the starting position. | Step:5 Repeat for the desired number of repetitions.",0.0,0.0,0.0,0.0,5.0,0.0,9.0,6.5,0.0,0.0,Flexibility & Mobility,3.5,0.8,0.8,0.8,2.7,7.0,8.0,6.0,5.0,3.0,1.9
0L2KwtI,Roller Hip Lat Stretch,2,roller,glutes,"hamstrings, quadriceps",upper legs,3,https://static.exercisedb.dev/media/0L2KwtI.gif,"Step:1 Start by kneeling on the ground with the roller positioned under your hips. | Step:2 Place your hands on the roller for support. | Step:3 Slowly roll the roller forward, extending your hips and stretching your glutes. | Step:4 Hold the stretch for a few seconds, then roll back to the starting position. | Step:5 Repeat for the desired number of repetitions.",0.0,0.0,0.0,0.0,5.0,0.0,9.0,6.5,0.0,0.0,Flexibility & Mobility,3.5,0.8,0.8,0.8,2.7,7.0,8.0,6.0,5.0,3.0,1.9
tFGKm99,Intermediate Hip Flexor And Quad Stretch,3,rope,quads,"hamstrings, glutes",upper legs,3,https://static.exercisedb.dev/media/tFGKm99.gif,"Step:1 Stand upright with your feet shoulder-width apart. | Step:2 Hold onto a stable object for support. | Step:3 Bend your right knee and bring your right foot towards your glutes, grabbing the rope with your right hand. | Step:4 Slowly pull your right foot towards your glutes, feeling a stretch in your right quad. | Step:5 Hold the stretch for 20-30 seconds. | Step:6 Release the stretch and repeat on the left side.",0.0,0.0,0.0,0.0,5.0,0.0,9.0,6.5,0.0,0.0,Flexibility & Mobility,3.5,0.8,0.8,0.8,2.7,6.0,7.0,7.0,6.0,5.0,1.9
RQNVT10,Assisted Lying Gluteus And Piriformis Stretch,2,assisted,glutes,hamstrings,upper legs,2,https://static.exercisedb.dev/media/RQNVT10.gif,"Step:1 Lie on your back with your legs extended. | Step:2 Bend your right knee and place your right ankle on your left thigh, just above the knee. | Step:3 Grasp your left thigh with both hands and gently pull it towards your chest. | Step:4 Hold the stretch for 20-30 seconds. | Step:5 Release the stretch and repeat on the other side.",0.0,0.0,0.0,0.0,5.0,0.0,9.0,6.5,0.0,0.0,Flexibility & Mobility,3.5,0.8,0.8,0.8,2.7,7.0,8.0,6.0,5.0,3.0,1.9
XhfS1DZ,Peroneals Stretch,3,rope,calves,"ankles, feet",lower legs,3,https://static.exercisedb.dev/media/XhfS1DZ.gif,"Step:1 Sit on the ground with your legs extended in front of you. | Step:2 Loop the rope around the ball of your foot and hold the ends of the rope with your hands. | Step:3 Gently pull the rope towards you, flexing your foot and stretching your calf muscles. | Step:4 Hold the stretch for 15-30 seconds. | Step:5 Release the tension on the rope and repeat the stretch on the other leg. | Step:6 Repeat for the desired number of repetitions.",0.0,0.0,0.0,0.0,5.0,0.0,9.0,6.5,0.0,0.0,Flexibility & Mobility,3.5,0.8,0.8,0.8,2.7,6.0,7.0,7.0,6.0,5.0,1.9
isofgzg,Roller Back Stretch,3,roller,spine,"hamstrings, glutes",back,3,https://static.exercisedb.dev/media/isofgzg.gif,"Step:1 Start by sitting on the ground with your legs extended in front of you. | Step:2 Place the roller perpendicular to your body, just below your glutes. | Step:3 Slowly roll your body backwards, allowing the roller to move up your back. | Step:4 Continue rolling until the roller reaches your upper back. | Step:5 Pause for a moment, then slowly roll back to the starting position. | Step:6 Repeat for the desired number of repetitions.",0.0,0.0,0.0,0.0,5.0,0.0,9.0,6.5,0.0,0.0,Flexibility & Mobility,3.5,0.8,0.8,0.8,2.7,6.0,7.0,7.0,6.0,5.0,1.9
oMypNrz,Roller Hip Stretch,3,roller,glutes,"hamstrings, quadriceps",upper legs,3,https://static.exercisedb.dev/media/oMypNrz.gif,"Step:1 Start by sitting on the ground with your legs extended in front of you. | Step:2 Place the roller under your glutes, just above your knees. | Step:3 Lean back and place your hands on the ground behind you for support. | Step:4 Engage your glutes and slowly roll the roller forward, bending your knees and bringing them towards your chest. | Step:5 Pause for a moment at the end of the movement, feeling a stretch in your glutes. | Step:6 Slowly roll the roller back to the starting position, extending your legs. | Step:7 Repeat for the desired number of repetitions.",0.0,0.0,0.0,0.0,5.0,0.0,9.0,6.5,0.0,0.0,Flexibility & Mobility,3.5,0.8,0.8,0.8,2.7,6.0,7.0,7.0,6.0,5.0,1.9
GxDwDX0,Assisted Lying Calves Stretch,2,assisted,calves,hamstrings,lower legs,2,https://static.exercisedb.dev/media/GxDwDX0.gif,"Step:1 Lie on your back with your legs extended. | Step:2 Bend one knee and place your foot flat on the ground. | Step:3 Using your hands or a towel, gently pull your toes towards your body, feeling a stretch in your calf. | Step:4 Hold the stretch for 20-30 seconds. | Step:5 Release the stretch and repeat on the other leg.",0.0,0.0,0.0,0.0,5.0,0.0,9.0,6.5,0.0,0.0,Flexibility & Mobility,3.5,0.8,0.8,0.8,2.7,7.0,8.0,6.0,5.0,3.0,1.9
QoHIhPl,Behind Head Chest Stretch,2,assisted,pectorals,"shoulders, triceps",chest,3,https://static.exercisedb.dev/media/QoHIhPl.gif,Step:1 Stand tall with your feet shoulder-width apart. | Step:2 Interlace your fingers behind your head with your elbows pointing outwards. | Step:3 Slowly squeeze your shoulder blades together and push your chest forward. | Step:4 Hold the stretch for 15-30 seconds. | Step:5 Release the stretch and repeat as desired.,0.0,0.0,0.0,0.0,5.0,0.0,9.0,6.5,0.0,0.0,Flexibility & Mobility,3.5,0.8,0.8,0.8,2.7,7.0,8.0,6.0,5.0,3.0,1.9
1LVFcEn,Calf Stretch With Rope,3,rope,calves,hamstrings,lower legs,2,https://static.exercisedb.dev/media/1LVFcEn.gif,"Step:1 Stand facing a wall or sturdy object with your feet hip-width apart. | Step:2 Hold the ends of the rope in each hand and place the middle of the rope around the ball of your right foot. | Step:3 Step back with your left foot, keeping your heel on the ground and your leg straight. | Step:4 Lean forward, keeping your back straight, and gently pull on the rope to stretch your calf. | Step:5 Hold the stretch for 20-30 seconds, then release. | Step:6 Repeat on the other leg.",0.0,0.0,0.0,0.0,5.0,0.0,9.0,6.5,0.0,0.0,Flexibility & Mobility,3.5,0.8,0.8,0.8,2.7,6.0,7.0,7.0,6.0,5.0,1.9
DEEqoI2,Posterior Tibialis Stretch,3,rope,calves,"hamstrings, quadriceps",lower legs,3,https://static.exercisedb.dev/media/DEEqoI2.gif,"Step:1 Sit on the ground with your legs extended in front of you. | Step:2 Loop the rope around the ball of your foot and hold the ends of the rope with your hands. | Step:3 Gently pull the rope towards you, flexing your foot and stretching your calf muscles. | Step:4 Hold the stretch for 20-30 seconds. | Step:5 Release the tension on the rope and relax your foot. | Step:6 Repeat the stretch on the other leg.",0.0,0.0,0.0,0.0,5.0,0.0,9.0,6.5,0.0,0.0,Flexibility & Mobility,3.5,0.8,0.8,0.8,2.7,6.0,7.0,7.0,6.0,5.0,1.9
13VW2VO,Weighted Stretch Lunge,3,weighted,glutes,"quadriceps, hamstrings, calves",upper legs,4,https://static.exercisedb.dev/media/13VW2VO.gif,"Step:1 Stand with your feet shoulder-width apart. | Step:2 Take a step forward with your right foot, keeping your back straight. | Step:3 Lower your body by bending your knees until your right thigh is parallel to the ground. | Step:4 Push through your right heel to return to the starting position. | Step:5 Repeat with your left leg. | Step:6 Continue alternating legs for the desired number of repetitions.",0.0,0.0,0.0,0.0,5.0,0.0,9.0,6.5,0.0,0.0,Flexibility & Mobility,3.5,0.8,0.8,0.8,2.7,6.0,7.0,7.0,6.0,5.0,1.9
bd5b860,Wrist Rollerer,3,weighted,forearms,"biceps, triceps",lower arms,3,https://static.exercisedb.dev/media/bd5b860.gif,"Step:1 Attach a weight to one end of a rope or bar. | Step:2 Hold the other end of the rope or bar with both hands, palms facing down. | Step:3 Stand with your feet shoulder-width apart and your arms fully extended in front of you. | Step:4 Slowly roll the weight up towards your hands by flexing your wrists. | Step:5 Pause for a moment at the top, then slowly lower the weight back down to the starting position. | Step:6 Repeat for the desired number of repetitions.",0.0,0.0,0.0,0.0,5.0,0.0,9.0,6.5,0.0,0.0,Flexibility & Mobility,3.5,0.8,0.8,0.8,2.7,6.0,7.0,7.0,6.0,5.0,1.9
zhF9lW4,Band Assisted Wheel Rollerout,2,band,abs,lower back,waist,2,https://static.exercisedb.dev/media/zhF9lW4.gif,"Step:1 Kneel on the floor and hold the handles of the band with both hands, palms facing down. | Step:2 Place the band on the ground in front of you and position your hands shoulder-width apart. | Step:3 Engage your core and slowly roll the wheel forward, extending your body as far as you can while maintaining control. | Step:4 Pause for a moment at the furthest point, then slowly roll the wheel back towards your knees to return to the starting position. | Step:5 Repeat for the desired number of repetitions.",0.0,0.0,0.0,0.0,5.0,0.0,9.0,6.5,0.0,0.0,Flexibility & Mobility,3.5,0.8,0.8,0.8,2.7,8.5,8.0,6.0,5.0,3.0,1.9
NAgVB3t,Wheel Rollerout,3,wheel roller,abs,lower back,waist,2,https://static.exercisedb.dev/media/NAgVB3t.gif,"Step:1 Kneel on the floor and place the wheel roller in front of you. | Step:2 Place your hands on the handles of the wheel roller and extend your arms straight out in front of you. | Step:3 Engage your core muscles and slowly roll the wheel forward, keeping your back straight and your abs tight. | Step:4 Continue rolling forward until your body is fully extended and your arms are overhead. | Step:5 Pause for a moment, then slowly roll the wheel back towards your knees, maintaining control and keeping your abs engaged. | Step:6 Repeat for the desired number of repetitions.",0.0,0.0,0.0,0.0,5.0,0.0,9.0,6.5,0.0,0.0,Flexibility & Mobility,3.5,0.8,0.8,0.8,2.7,6.0,7.0,7.0,6.0,5.0,1.9
YUYAMEj,Assisted Prone Lying Quads Stretch,2,assisted,quads,"hamstrings, glutes",upper legs,3,https://static.exercisedb.dev/media/YUYAMEj.gif,"Step:1 Lie face down on the ground with your legs extended. | Step:2 Bend your left knee and reach back with your left hand to grab your left foot or ankle. | Step:3 Gently pull your left foot towards your glutes, feeling a stretch in your left quad. | Step:4 Hold the stretch for 20-30 seconds, then release. | Step:5 Repeat with your right leg.",0.0,0.0,0.0,0.0,5.0,0.0,9.0,6.5,0.0,0.0,Flexibility & Mobility,3.5,0.8,0.8,0.8,2.7,7.0,8.0,6.0,5.0,3.0,1.9
